{
  "config": {
    "intent_parsers_configs": [
      {
        "max_pattern_length": 1000, 
        "max_queries": 100, 
        "unit_name": "deterministic_intent_parser"
      }, 
      {
        "intent_classifier_config": {
          "data_augmentation_config": {
            "add_builtin_entities_examples": false, 
            "min_utterances": 20, 
            "noise_factor": 5, 
            "unknown_word_prob": 0.2, 
            "unknown_words_replacement_string": "unknownword"
          }, 
          "featurizer_config": {
            "pvalue_threshold": 0.4, 
            "sublinear_tf": false, 
            "word_clusters_name": null
          }, 
          "random_seed": null, 
          "unit_name": "log_reg_intent_classifier"
        }, 
        "slot_filler_config": {
          "crf_args": {
            "algorithm": "lbfgs", 
            "c1": 0.1, 
            "c2": 0.1
          }, 
          "data_augmentation_config": {
            "add_builtin_entities_examples": false, 
            "capitalization_ratio": 0, 
            "min_utterances": 200
          }, 
          "feature_factory_configs": [
            {
              "args": {
                "common_words_gazetteer_name": "top_200000_words_stemmed", 
                "n": 1, 
                "use_stemming": true
              }, 
              "factory_name": "ngram", 
              "offsets": [
                -2, 
                -1, 
                0, 
                1, 
                2
              ]
            }, 
            {
              "args": {
                "common_words_gazetteer_name": "top_200000_words_stemmed", 
                "n": 2, 
                "use_stemming": true
              }, 
              "factory_name": "ngram", 
              "offsets": [
                -2, 
                1
              ]
            }, 
            {
              "args": {
                "prefix_size": 2
              }, 
              "factory_name": "prefix", 
              "offsets": [
                0
              ]
            }, 
            {
              "args": {
                "prefix_size": 5
              }, 
              "factory_name": "prefix", 
              "offsets": [
                0
              ]
            }, 
            {
              "args": {
                "suffix_size": 2
              }, 
              "factory_name": "suffix", 
              "offsets": [
                0
              ]
            }, 
            {
              "args": {
                "suffix_size": 5
              }, 
              "factory_name": "suffix", 
              "offsets": [
                0
              ]
            }, 
            {
              "args": {}, 
              "factory_name": "is_digit", 
              "offsets": [
                -1, 
                0, 
                1
              ]
            }, 
            {
              "args": {}, 
              "factory_name": "is_first", 
              "offsets": [
                -2, 
                -1, 
                0
              ]
            }, 
            {
              "args": {}, 
              "factory_name": "is_last", 
              "offsets": [
                0, 
                1, 
                2
              ]
            }, 
            {
              "args": {
                "n": 1
              }, 
              "factory_name": "shape_ngram", 
              "offsets": [
                0
              ]
            }, 
            {
              "args": {
                "n": 2
              }, 
              "factory_name": "shape_ngram", 
              "offsets": [
                -1, 
                0
              ]
            }, 
            {
              "args": {
                "n": 3
              }, 
              "factory_name": "shape_ngram", 
              "offsets": [
                -1
              ]
            }, 
            {
              "args": {
                "tagging_scheme_code": 2, 
                "use_stemming": true
              }, 
              "drop_out": 0.1, 
              "factory_name": "entity_match", 
              "offsets": [
                -2, 
                -1, 
                0
              ]
            }, 
            {
              "args": {
                "tagging_scheme_code": 1
              }, 
              "factory_name": "builtin_entity_match", 
              "offsets": [
                -2, 
                -1, 
                0
              ]
            }
          ], 
          "random_seed": null, 
          "tagging_scheme": 1, 
          "unit_name": "crf_slot_filler"
        }, 
        "unit_name": "probabilistic_intent_parser"
      }
    ], 
    "unit_name": "nlu_engine"
  }, 
  "dataset_metadata": {
    "entities": {
      "artikel": {
        "automatically_extensible": true, 
        "utterances": {
          "Bier": "bier", 
          "bier": "bier"
        }
      }, 
      "farbe": {
        "automatically_extensible": true, 
        "utterances": {
          "Rot": "rot", 
          "rot": "rot"
        }
      }, 
      "hass_cover": {
        "automatically_extensible": true, 
        "utterances": {
          "Garagentor": "garagentor", 
          "Garagentur": "Garagent\u00fcr", 
          "Garagent\u00fcr": "Garagent\u00fcr", 
          "garagentor": "garagentor", 
          "garagentur": "Garagent\u00fcr", 
          "garagent\u00fcr": "Garagent\u00fcr"
        }
      }, 
      "hass_entity": {
        "automatically_extensible": false, 
        "utterances": {
          "Arbeitszimmerlicht": "Arbeitszimmerlicht", 
          "Ausgausgstur": "ausgausgst\u00fcr", 
          "Ausgausgst\u00fcr": "ausgausgst\u00fcr", 
          "Badlicht": "Badlicht", 
          "Balkonlicht": "Balkonlicht", 
          "Beleuchtung": "Beleuchtung", 
          "Computer": "Computer", 
          "Eingangstur": "Eingangst\u00fcr", 
          "Eingangst\u00fcr": "Eingangst\u00fcr", 
          "Fernseher": "Fernseher", 
          "Fernsehgerat": "Fernsehger\u00e4t", 
          "Fernsehger\u00e4t": "Fernsehger\u00e4t", 
          "Flurlicht": "Flurlicht", 
          "Geschirrspulmaschine": "Geschirrsp\u00fclmaschine", 
          "Geschirrsp\u00fclmaschine": "Geschirrsp\u00fclmaschine", 
          "Handy": "Handy", 
          "Heizkorper": "Heizk\u00f6rper", 
          "Heizk\u00f6rper": "Heizk\u00f6rper", 
          "Heizung": "Heizung", 
          "Kellerlicht": "Kellerlicht", 
          "Klimaanlage": "Klimaanlage", 
          "Klimaauslage": "Klimaauslage", 
          "Kuchenlicht": "K\u00fcchenlicht", 
          "K\u00fcchenlicht": "K\u00fcchenlicht", 
          "Lampe": "Lampe", 
          "Lampen": "Lampen", 
          "Lautsprecher": "Lautsprecher", 
          "Licht": "Licht", 
          "Lichter": "Lichter", 
          "Lichterkette": "Lichterkette", 
          "Musik": "Musik", 
          "Radio": "Radio", 
          "Roboter Staubsauger": "Roboter-staubsauger", 
          "Roboter staubsauger": "Roboter-staubsauger", 
          "Roboter-Staubsauger": "Roboter-staubsauger", 
          "Roboter-staubsauger": "Roboter-staubsauger", 
          "RoboterStaubsauger": "Roboter-staubsauger", 
          "Roboterstaubsauger": "Roboter-staubsauger", 
          "Sicherheitsalarm": "Sicherheitsalarm", 
          "Spotify": "Spotify", 
          "Spulmaschine": "Sp\u00fclmaschine", 
          "Sp\u00fclmaschine": "Sp\u00fclmaschine", 
          "Staubsauger Roboter": "Staubsauger-Roboter", 
          "Staubsauger-Roboter": "Staubsauger-Roboter", 
          "StaubsaugerRoboter": "Staubsauger-Roboter", 
          "Steckdosen": "Steckdosen", 
          "Tor": "Tor", 
          "Treppenhauslicht": "Treppenhauslicht", 
          "Volumio": "Volumio", 
          "WLAN": "WLAN", 
          "WLaus": "WLaus", 
          "Waschmaschine": "Waschmaschine", 
          "Wlan": "WLAN", 
          "Wlaus": "WLaus", 
          "Wohnzimmerlicht": "Wohnzimmerlicht", 
          "Wohnzimmersteckdose": "Wohnzimmersteckdose", 
          "arbeitszimmerlicht": "Arbeitszimmerlicht", 
          "ausgausgstur": "ausgausgst\u00fcr", 
          "ausgausgst\u00fcr": "ausgausgst\u00fcr", 
          "badlicht": "Badlicht", 
          "balkonlicht": "Balkonlicht", 
          "beleuchtung": "Beleuchtung", 
          "computer": "Computer", 
          "eingangstur": "Eingangst\u00fcr", 
          "eingangst\u00fcr": "Eingangst\u00fcr", 
          "fernseher": "Fernseher", 
          "fernsehgerat": "Fernsehger\u00e4t", 
          "fernsehger\u00e4t": "Fernsehger\u00e4t", 
          "flurlicht": "Flurlicht", 
          "geschirrspulmaschine": "Geschirrsp\u00fclmaschine", 
          "geschirrsp\u00fclmaschine": "Geschirrsp\u00fclmaschine", 
          "handy": "Handy", 
          "heizkorper": "Heizk\u00f6rper", 
          "heizk\u00f6rper": "Heizk\u00f6rper", 
          "heizung": "Heizung", 
          "kellerlicht": "Kellerlicht", 
          "klimaanlage": "Klimaanlage", 
          "klimaauslage": "Klimaauslage", 
          "kuchenlicht": "K\u00fcchenlicht", 
          "k\u00fcchenlicht": "K\u00fcchenlicht", 
          "lampe": "Lampe", 
          "lampen": "Lampen", 
          "lautsprecher": "Lautsprecher", 
          "licht": "Licht", 
          "lichter": "Lichter", 
          "lichterkette": "Lichterkette", 
          "musik": "Musik", 
          "radio": "Radio", 
          "roboter staubsauger": "Roboter-staubsauger", 
          "roboter-staubsauger": "Roboter-staubsauger", 
          "roboterstaubsauger": "Roboter-staubsauger", 
          "sicherheitsalarm": "Sicherheitsalarm", 
          "spotify": "Spotify", 
          "spulmaschine": "Sp\u00fclmaschine", 
          "sp\u00fclmaschine": "Sp\u00fclmaschine", 
          "staubsauger roboter": "Staubsauger-Roboter", 
          "staubsauger-roboter": "Staubsauger-Roboter", 
          "staubsaugerroboter": "Staubsauger-Roboter", 
          "steckdosen": "Steckdosen", 
          "tor": "Tor", 
          "treppenhauslicht": "Treppenhauslicht", 
          "volumio": "Volumio", 
          "waschmaschine": "Waschmaschine", 
          "wlan": "WLAN", 
          "wlaus": "WLaus", 
          "wohnzimmerlicht": "Wohnzimmerlicht", 
          "wohnzimmersteckdose": "Wohnzimmersteckdose"
        }
      }, 
      "hass_light": {
        "automatically_extensible": false, 
        "utterances": {
          "Licht": "licht", 
          "licht": "licht"
        }
      }
    }, 
    "language_code": "de", 
    "slot_name_mappings": {
      "hass:HassCloseCover": {
        "cover": "hass_cover"
      }, 
      "hass:HassLightSet": {
        "brightness": "snips/percentage", 
        "color": "farbe", 
        "light": "hass_light"
      }, 
      "hass:HassOpenCover": {
        "cover": "hass_cover"
      }, 
      "hass:HassShoppingListAddItem": {
        "artikel": "artikel"
      }, 
      "hass:HassShoppingListLastItems": {}, 
      "hass:HassTurnOff": {
        "name": "hass_entity"
      }, 
      "hass:HassTurnOn": {
        "entitat": "hass_entity"
      }
    }
  }, 
  "intent_parsers": [
    "deterministic_intent_parser", 
    "probabilistic_intent_parser"
  ], 
  "model_version": "0.16.0", 
  "training_package_version": "0.16.1", 
  "unit_name": "nlu_engine"
}