{
  "id" : "proj_OADmmZEM91v",
  "name" : "Hass-DE",
  "intents" : [ {
    "id" : "hass:HassLightSet",
    "type" : "registry",
    "version" : "0.0.7",
    "language" : "de",
    "slots" : [ {
      "name" : "color",
      "id" : "Hk3YzTcKM",
      "entityId" : "entity_Z1Ma0nNP5Zn",
      "missingQuestion" : "",
      "required" : false
    }, {
      "name" : "brightness",
      "id" : "rJRoGT5Ff",
      "entityId" : "snips/percentage",
      "missingQuestion" : "",
      "required" : false
    }, {
      "name" : "light",
      "id" : "r122z6cFz",
      "entityId" : "entity_Gy8qnXyg4Zl",
      "missingQuestion" : "",
      "required" : false
    } ],
    "name" : "HassLightSet"
  }, {
    "id" : "hass:HassCloseCover",
    "type" : "registry",
    "version" : "0.0.5",
    "language" : "de",
    "slots" : [ {
      "name" : "cover",
      "id" : "B17fMT9Fz",
      "entityId" : "entity_XQMrX6kYbEM",
      "missingQuestion" : "",
      "required" : false
    } ],
    "name" : "HassCloseCover"
  }, {
    "id" : "hass:HassTurnOff",
    "type" : "registry",
    "version" : "0.0.11",
    "language" : "de",
    "slots" : [ {
      "name" : "name",
      "id" : "Hyqjbp9tG",
      "entityId" : "entity_lXMpdGmYY87",
      "missingQuestion" : "",
      "required" : false
    } ],
    "name" : "HassTurnOff"
  }, {
    "id" : "hass:HassOpenCover",
    "type" : "registry",
    "version" : "0.0.6",
    "language" : "de",
    "slots" : [ {
      "name" : "cover",
      "id" : "BJ3pWa5Fz",
      "entityId" : "entity_XQMrX6kYbEM",
      "missingQuestion" : "",
      "required" : false
    } ],
    "name" : "HassOpenCover"
  }, {
    "id" : "hass:HassShoppingListAddItem",
    "type" : "registry",
    "version" : "0.0.2",
    "language" : "de",
    "slots" : [ {
      "name" : "artikel",
      "id" : "SkWBMpqFz",
      "entityId" : "entity_WKM5OBxgYMl",
      "missingQuestion" : "",
      "required" : false
    } ],
    "name" : "HassShoppingListAddItem"
  }, {
    "id" : "hass:HassShoppingListLastItems",
    "type" : "registry",
    "version" : "0.0.2",
    "language" : "de",
    "slots" : [ ],
    "name" : "HassShoppingListLastItems"
  }, {
    "id" : "hass:HassTurnOn",
    "type" : "registry",
    "version" : "0.0.5",
    "language" : "de",
    "slots" : [ {
      "name" : "entitat",
      "id" : "SJ9v-p9FM",
      "entityId" : "entity_lXMpdGmYY87",
      "missingQuestion" : "",
      "required" : false
    } ],
    "name" : "HassTurnOn"
  } ],
  "createdAt" : "2018-03-17T15:38:26.378Z",
  "language" : "de",
  "version" : {
    "nluModel" : "0.16.0"
  },
  "platform" : {
    "type" : "raspberrypi"
  },
  "asr" : {
    "type" : "snips"
  },
  "analyticsEnabled" : true,
  "heartbeatEnabled" : true,
  "hotword" : "hey_snips"
}