{
  "id" : "proj_OADmmZEM91v",
  "name" : "Hass-DE",
  "intents" : [ {
    "id" : "hass:HassLightSet",
    "type" : "registry",
    "version" : "0.0.4",
    "language" : "de",
    "slots" : [ {
      "name" : "farbe",
      "id" : "Hk3YzTcKM",
      "entity" : "",
      "entityId" : "entity_Z1Ma0nNP5Zn",
      "missingQuestion" : "",
      "required" : false
    }, {
      "name" : "helligkeit",
      "id" : "rJRoGT5Ff",
      "entity" : "",
      "entityId" : "unit.percentage",
      "missingQuestion" : "",
      "required" : false
    }, {
      "name" : "licht",
      "id" : "r122z6cFz",
      "entity" : "",
      "entityId" : "entity_Gy8qnXyg4Zl",
      "missingQuestion" : "",
      "required" : false
    } ],
    "name" : "HassLightSet"
  }, {
    "id" : "hass:HassCloseCover",
    "type" : "registry",
    "version" : "0.0.2",
    "language" : "de",
    "slots" : [ {
      "name" : "abdeckung",
      "id" : "B17fMT9Fz",
      "entity" : "",
      "entityId" : "entity_XQMrX6kYbEM",
      "missingQuestion" : "",
      "required" : false
    } ],
    "name" : "HassCloseCover"
  }, {
    "id" : "hass:HassTurnOff",
    "type" : "registry",
    "version" : "0.0.7",
    "language" : "de",
    "slots" : [ {
      "name" : "entitat",
      "id" : "Hyqjbp9tG",
      "entity" : "",
      "entityId" : "entity_lXMpdGmYY87",
      "missingQuestion" : "",
      "required" : false
    } ],
    "name" : "HassTurnOff"
  }, {
    "id" : "hass:HassOpenCover",
    "type" : "registry",
    "version" : "0.0.2",
    "language" : "de",
    "slots" : [ {
      "name" : "abdeckung",
      "id" : "BJ3pWa5Fz",
      "entity" : "",
      "entityId" : "entity_XQMrX6kYbEM",
      "missingQuestion" : "",
      "required" : false
    } ],
    "name" : "HassOpenCover"
  }, {
    "id" : "hass:HassShoppingListAddItem",
    "type" : "registry",
    "version" : "0.0.2",
    "language" : "de",
    "slots" : [ {
      "name" : "artikel",
      "id" : "SkWBMpqFz",
      "entity" : "",
      "entityId" : "entity_WKM5OBxgYMl",
      "missingQuestion" : "",
      "required" : false
    } ],
    "name" : "HassShoppingListAddItem"
  }, {
    "id" : "hass:HassShoppingListLastItems",
    "type" : "registry",
    "version" : "0.0.2",
    "language" : "de",
    "slots" : [ ],
    "name" : "HassShoppingListLastItems"
  }, {
    "id" : "hass:HassTurnOn",
    "type" : "registry",
    "version" : "0.0.4",
    "language" : "de",
    "slots" : [ {
      "name" : "entitat",
      "id" : "SJ9v-p9FM",
      "entity" : "",
      "entityId" : "entity_lXMpdGmYY87",
      "missingQuestion" : "",
      "required" : false
    } ],
    "name" : "HassTurnOn"
  } ],
  "createdAt" : "2018-03-17T15:38:26.378Z",
  "language" : "de",
  "version" : {
    "nluModel" : "0.14.0"
  },
  "platform" : {
    "type" : "raspberrypi"
  },
  "asr" : {
    "type" : "snips"
  },
  "analyticsEnabled" : true,
  "heartbeatEnabled" : true,
  "hotword" : "hey_snips"
}