{
    "hass_light": {
        "vanilla": "059e3e77-a8da-43dd-a98e-8296c3d11191.vanilla", 
        "added": "059e3e77-a8da-43dd-a98e-8296c3d11191.added", 
        "pruningThresholds": [], 
        "ngram": true, 
        "order": 3
    }, 
    "color": {
        "vanilla": "c9ab9011-b732-4e2a-9319-7cf1ddbb30ed.vanilla", 
        "added": "c9ab9011-b732-4e2a-9319-7cf1ddbb30ed.added", 
        "pruningThresholds": [], 
        "ngram": true, 
        "order": 3
    }, 
    "hass_cover": {
        "vanilla": "ffa8917d-9236-4266-95f4-b7d8c72c91d7.vanilla", 
        "added": "ffa8917d-9236-4266-95f4-b7d8c72c91d7.added", 
        "pruningThresholds": [], 
        "ngram": true, 
        "order": 3
    }, 
    "item": {
        "vanilla": "8057b856-3795-47d9-a064-6baafc019669.vanilla", 
        "added": "8057b856-3795-47d9-a064-6baafc019669.added", 
        "pruningThresholds": [], 
        "ngram": true, 
        "order": 3
    }, 
    "snips/percentage": {
        "vanilla": "511f8171-95a9-4929-b351-9ccc43ef48cf.vanilla", 
        "added": "511f8171-95a9-4929-b351-9ccc43ef48cf.added", 
        "pruningThresholds": [], 
        "ngram": false, 
        "order": 0
    }, 
    "hass_entity": {
        "vanilla": "66a394fe-6d84-4fec-b21a-0e9b368d0330.vanilla", 
        "added": "66a394fe-6d84-4fec-b21a-0e9b368d0330.added", 
        "pruningThresholds": [], 
        "ngram": true, 
        "order": 3
    }
}