{
  "name" : "HassIO",
  "intents" : [ {
    "id" : "hass:HassShoppingListLastItems",
    "type" : "registry",
    "version" : "0.0.3",
    "language" : "en",
    "slots" : [ ],
    "name" : "HassShoppingListLastItems"
  }, {
    "id" : "hass:HassTurnOn",
    "type" : "registry",
    "version" : "0.0.9",
    "language" : "en",
    "slots" : [ {
      "name" : "name",
      "id" : "SkZhkhCNG",
      "entity" : "",
      "entityId" : "entity_v30wEMAAm7q",
      "missingQuestion" : "",
      "required" : false
    } ],
    "name" : "HassTurnOn"
  }, {
    "id" : "hass:HassTurnOff",
    "type" : "registry",
    "version" : "0.0.3",
    "language" : "en",
    "slots" : [ {
      "name" : "name",
      "id" : "Hy3BVSbHM",
      "entity" : "",
      "entityId" : "entity_v30wEMAAm7q",
      "missingQuestion" : "",
      "required" : false
    } ],
    "name" : "HassTurnOff"
  }, {
    "id" : "hass:HassShoppingListAddItem",
    "type" : "registry",
    "version" : "0.0.7",
    "language" : "en",
    "slots" : [ {
      "name" : "item",
      "id" : "SkAhx2RNf",
      "entity" : "",
      "entityId" : "entity_r536GD83KAE",
      "missingQuestion" : "",
      "required" : false
    } ],
    "name" : "HassShoppingListAddItem"
  } ],
  "createdAt" : "2018-01-20T22:32:57.560Z",
  "language" : "en",
  "nluEngine" : {
    "version" : "0.11.0"
  },
  "platform" : {
    "type" : "raspberrypi"
  },
  "asr" : {
    "type" : "snips"
  },
  "analyticsEnabled" : true,
  "hotword" : "hey_snips"
}