{
  "name" : "Jarvis",
  "intents" : [ {
    "id" : "searchWeatherForecast",
    "type" : "registry",
    "version" : "0.0.97",
    "language" : "en",
    "slots" : [ {
      "name" : "forecast_locality",
      "id" : "slot_S1kdgHrgZMPb",
      "entity" : "",
      "entityId" : "entity_6komlnVbpZN",
      "missingQuestion" : "",
      "required" : false,
      "description" : "Location (e.g. city, village) whose weather you are interested in"
    }, {
      "name" : "forecast_country",
      "id" : "slot_H1xOgSBxbzwW",
      "entity" : "",
      "entityId" : "entity_ME2OY9vMv54",
      "missingQuestion" : "",
      "required" : false,
      "description" : "The country whose weather you are interested in"
    }, {
      "name" : "forecast_geographical_poi",
      "id" : "slot_HJGOgrSeWMDb",
      "entity" : "",
      "entityId" : "entity_14De2yzENYN",
      "missingQuestion" : "",
      "required" : false,
      "description" : "The place whose weather you are interested in"
    }, {
      "name" : "forecast_start_datetime",
      "id" : "slot_HJQdlrHxWfP-",
      "entity" : "",
      "entityId" : "time.datetime",
      "missingQuestion" : "",
      "required" : false,
      "description" : "What time are you asking about?"
    }, {
      "name" : "forecast_region",
      "id" : "S1axOUfXf",
      "entity" : "",
      "entityId" : "entity_W02m1lbw9xw",
      "missingQuestion" : "",
      "required" : false,
      "description" : "The region whose weather you are interested in"
    } ],
    "name" : "searchWeatherForecast",
    "confirmationRequired" : false,
    "confirmationQuestion" : ""
  }, {
    "id" : "searchWeatherForecastCondition",
    "type" : "registry",
    "version" : "0.0.66",
    "language" : "en",
    "slots" : [ {
      "name" : "forecast_locality",
      "id" : "slot_r1kOgVQKzfv-",
      "entity" : "",
      "entityId" : "entity_Y92n3k5WmaA",
      "missingQuestion" : "",
      "required" : false,
      "description" : "Location (e.g. city, village) whose weather you are interested in"
    }, {
      "name" : "forecast_country",
      "id" : "slot_S1gOxE7FGfvW",
      "entity" : "",
      "entityId" : "entity_14De2yal2xy",
      "missingQuestion" : "",
      "required" : false,
      "description" : "The country whose weather you are interested in"
    }, {
      "name" : "forecast_region",
      "id" : "slot_Hy-deE7YMzPZ",
      "entity" : "",
      "entityId" : "entity_g4DrYQxe7ze",
      "missingQuestion" : "",
      "required" : false,
      "description" : "The region whose weather you are interested in"
    }, {
      "name" : "forecast_geographical_poi",
      "id" : "slot_rkM_gV7tfzwW",
      "entity" : "",
      "entityId" : "entity_OK2vdn7ZKey",
      "missingQuestion" : "",
      "required" : false,
      "description" : "The place whose weather you are interested in"
    }, {
      "name" : "forecast_start_datetime",
      "id" : "slot_Sk7_x4mYMGwZ",
      "entity" : "",
      "entityId" : "time.datetime",
      "missingQuestion" : "",
      "required" : false,
      "description" : "What time are you asking about?"
    }, {
      "name" : "forecast_condition_name",
      "id" : "slot_B1VOl47YMzvb",
      "entity" : "",
      "entityId" : "entity_g4DrYQx27XQ",
      "missingQuestion" : "",
      "required" : false,
      "description" : "Name of weather condition"
    } ],
    "name" : "searchWeatherForecastCondition",
    "confirmationRequired" : false,
    "confirmationQuestion" : ""
  }, {
    "id" : "searchWeatherForecastItem",
    "type" : "registry",
    "version" : "0.0.51",
    "language" : "en",
    "slots" : [ {
      "name" : "forecast_region",
      "id" : "slot_HJtvtQiOb",
      "entity" : "",
      "entityId" : "entity_pYDveKdwz01",
      "missingQuestion" : "",
      "required" : false,
      "description" : "Region for the weather forecast"
    }, {
      "name" : "forecast_locality",
      "id" : "slot_ryxm97iub",
      "entity" : "",
      "entityId" : "entity_9zo9vGMe1EV",
      "missingQuestion" : "",
      "required" : false,
      "description" : "Locality for the weather forecast"
    }, {
      "name" : "forecast_country",
      "id" : "slot_SyvV97jOZ",
      "entity" : "",
      "entityId" : "entity_Qe2QOw8V3n6",
      "missingQuestion" : "",
      "required" : false,
      "description" : "Country for the weather forecast"
    }, {
      "name" : "forecast_geographical_poi",
      "id" : "slot_SJKUqmoO-",
      "entity" : "",
      "entityId" : "entity_OK2vdxN65ov",
      "missingQuestion" : "",
      "required" : false,
      "description" : "Geographical point of interest for the weather forecast"
    }, {
      "name" : "forecast_item",
      "id" : "slot_Byru5Xs_b",
      "entity" : "",
      "entityId" : "entity_Kl5dw6KbKAQ",
      "missingQuestion" : "",
      "required" : false,
      "description" : "Item of clothing which could be needed"
    }, {
      "name" : "forecast_start_datetime",
      "id" : "slot_rJyjcQod-",
      "entity" : "",
      "entityId" : "time.datetime",
      "missingQuestion" : "",
      "required" : false,
      "description" : "Date and/or time for the weather forecast"
    } ],
    "name" : "searchWeatherForecastItem",
    "confirmationRequired" : false,
    "confirmationQuestion" : ""
  }, {
    "id" : "searchWeatherForecastTemperature",
    "type" : "registry",
    "version" : "0.0.64",
    "language" : "en",
    "slots" : [ {
      "name" : "forecast_locality",
      "id" : "slot_ry1ueoF6Mzw-",
      "entity" : "",
      "entityId" : "entity_8zonEpa43x2",
      "missingQuestion" : "",
      "required" : false,
      "description" : "Location (e.g. city, village) whose weather you are interested in"
    }, {
      "name" : "forecast_country",
      "id" : "slot_Bkl_ljF6MMwW",
      "entity" : "",
      "entityId" : "entity_Xn20NODOzX8",
      "missingQuestion" : "",
      "required" : false,
      "description" : "The country whose weather you are interested in"
    }, {
      "name" : "forecast_region",
      "id" : "slot_HJ-_eiKpfMvZ",
      "entity" : "",
      "entityId" : "entity_Y92n3kok39n",
      "missingQuestion" : "",
      "required" : false,
      "description" : "The region whose weather you are interested in"
    }, {
      "name" : "forecast_geographical_poi",
      "id" : "slot_Bkf_xjK6fGD-",
      "entity" : "",
      "entityId" : "entity_Kl5dwnX65kW",
      "missingQuestion" : "",
      "required" : false,
      "description" : "The place whose weather you are interested in"
    }, {
      "name" : "forecast_start_datetime",
      "id" : "slot_rk7dgitazzvZ",
      "entity" : "",
      "entityId" : "time.datetime",
      "missingQuestion" : "",
      "required" : false,
      "description" : "What time are you asking about?"
    }, {
      "name" : "forecast_temperature_name",
      "id" : "slot_Bk4OlstTMGvb",
      "entity" : "",
      "entityId" : "entity_Y92n3ko6AVM",
      "missingQuestion" : "",
      "required" : false,
      "description" : "Description of the temperature in words"
    } ],
    "name" : "searchWeatherForecastTemperature",
    "confirmationRequired" : false,
    "confirmationQuestion" : ""
  }, {
    "id" : "hass:HassOpenCover",
    "type" : "registry",
    "version" : "0.0.99",
    "language" : "en",
    "slots" : [ {
      "name" : "cover",
      "id" : "SyT4Doqtz",
      "entity" : "",
      "entityId" : "entity_pyG7YeovGGG",
      "missingQuestion" : "",
      "required" : false
    } ],
    "name" : "HassOpenCover"
  }, {
    "id" : "hass:HassCloseCover",
    "type" : "registry",
    "version" : "0.0.87",
    "language" : "en",
    "slots" : [ {
      "name" : "cover",
      "id" : "HJgews5FM",
      "entity" : "",
      "entityId" : "entity_pyG7YeovGGG",
      "missingQuestion" : "",
      "required" : false
    } ],
    "name" : "HassCloseCover"
  }, {
    "id" : "hass:HassShoppingListLastItems",
    "type" : "registry",
    "version" : "0.0.9",
    "language" : "en",
    "slots" : [ ],
    "name" : "HassShoppingListLastItems"
  }, {
    "id" : "hass:HassLightSet",
    "type" : "registry",
    "version" : "0.0.30",
    "language" : "en",
    "slots" : [ {
      "name" : "color",
      "id" : "SkX0kyDKG",
      "entity" : "",
      "entityId" : "entity_5AX3eGqn18w",
      "missingQuestion" : "",
      "required" : false
    }, {
      "name" : "brightness",
      "id" : "S1dGe1vYG",
      "entity" : "",
      "entityId" : "unit.percentage",
      "missingQuestion" : "",
      "required" : false
    }, {
      "name" : "light",
      "id" : "rkB3xmTqFM",
      "entity" : "",
      "entityId" : "entity_gpMyZobQmmA",
      "missingQuestion" : "",
      "required" : false
    } ],
    "name" : "HassLightSet"
  }, {
    "id" : "hass:HassTurnOn",
    "type" : "registry",
    "version" : "0.0.117",
    "language" : "en",
    "slots" : [ {
      "name" : "name",
      "id" : "SkZhkhCNG",
      "entity" : "",
      "entityId" : "entity_v30wEMAAm7q",
      "missingQuestion" : "",
      "required" : false
    } ],
    "name" : "HassTurnOn"
  }, {
    "id" : "hass:HassTurnOff",
    "type" : "registry",
    "version" : "0.0.104",
    "language" : "en",
    "slots" : [ {
      "name" : "name",
      "id" : "Hy3BVSbHM",
      "entity" : "",
      "entityId" : "entity_v30wEMAAm7q",
      "missingQuestion" : "",
      "required" : false
    } ],
    "name" : "HassTurnOff"
  }, {
    "id" : "hass:HassShoppingListAddItem",
    "type" : "registry",
    "version" : "0.0.23",
    "language" : "en",
    "slots" : [ {
      "name" : "item",
      "id" : "SkAhx2RNf",
      "entity" : "",
      "entityId" : "entity_r536GD83KAE",
      "missingQuestion" : "",
      "required" : false
    } ],
    "name" : "HassShoppingListAddItem"
  }, {
    "id" : "user_rZEKlr8M7M3__openGarageDoor",
    "type" : "registry",
    "version" : "0.0.6",
    "language" : "en",
    "slots" : [ ],
    "name" : "openGarageDoor"
  }, {
    "id" : "user_rZEKlr8M7M3__closeGarageDoor",
    "type" : "registry",
    "version" : "0.0.3",
    "language" : "en",
    "slots" : [ ],
    "name" : "closeGarageDoor"
  }, {
    "id" : "playAlbum",
    "type" : "registry",
    "version" : "0.0.20",
    "language" : "en",
    "slots" : [ {
      "name" : "album_name",
      "id" : "slot_HJYAS1Ia-",
      "entity" : "",
      "entityId" : "entity_PQPWANn1Z7V",
      "missingQuestion" : "",
      "required" : false,
      "description" : "Name of the album the user would like to listen to."
    }, {
      "name" : "album_lecture_mode",
      "id" : "slot_HkHtIyIaZ",
      "entity" : "",
      "entityId" : "entity_GAP8VNQorD9",
      "missingQuestion" : "",
      "required" : false,
      "description" : "Lecture mode for the playback."
    } ],
    "name" : "playAlbum",
    "confirmationRequired" : false,
    "confirmationQuestion" : ""
  }, {
    "id" : "nextSong",
    "type" : "registry",
    "version" : "0.0.9",
    "language" : "en",
    "slots" : [ ],
    "name" : "nextSong",
    "confirmationRequired" : false,
    "confirmationQuestion" : ""
  }, {
    "id" : "volumeDown",
    "type" : "registry",
    "version" : "0.0.16",
    "language" : "en",
    "slots" : [ {
      "name" : "volume_lower",
      "id" : "slot_H1Bum1UaW",
      "entity" : "",
      "entityId" : "numbers.number",
      "missingQuestion" : "",
      "required" : false,
      "description" : "Quantity of levels/steps the user would like to decrease the volume by."
    } ],
    "name" : "volumeDown",
    "confirmationRequired" : false,
    "confirmationQuestion" : ""
  }, {
    "id" : "previousSong",
    "type" : "registry",
    "version" : "0.0.6",
    "language" : "en",
    "slots" : [ ],
    "name" : "previousSong",
    "confirmationRequired" : false,
    "confirmationQuestion" : ""
  }, {
    "id" : "volumeUp",
    "type" : "registry",
    "version" : "0.0.18",
    "language" : "en",
    "slots" : [ {
      "name" : "volume_higher",
      "id" : "slot_SJo6MJ8pb",
      "entity" : "",
      "entityId" : "numbers.number",
      "missingQuestion" : "",
      "required" : false,
      "description" : "Quantity of levels/steps the volume should be increased by."
    } ],
    "name" : "volumeUp",
    "confirmationRequired" : false,
    "confirmationQuestion" : ""
  }, {
    "id" : "addSong",
    "type" : "registry",
    "version" : "0.0.13",
    "language" : "en",
    "slots" : [ ],
    "name" : "addSong",
    "confirmationRequired" : false,
    "confirmationQuestion" : ""
  }, {
    "id" : "TSchmidty:pauseMusic",
    "type" : "registry",
    "version" : "0.0.3",
    "language" : "en",
    "slots" : [ ],
    "name" : "pauseMusic"
  }, {
    "id" : "TSchmidty:playMusic",
    "type" : "registry",
    "version" : "0.0.4",
    "language" : "en",
    "slots" : [ ],
    "name" : "playMusic"
  }, {
    "id" : "TSchmidty:playArtist",
    "type" : "registry",
    "version" : "0.0.26",
    "language" : "en",
    "slots" : [ {
      "name" : "artist_name",
      "id" : "slot_ryU35kIT-",
      "entity" : "",
      "entityId" : "entity_wpO6GyXAWgd",
      "missingQuestion" : "",
      "required" : false,
      "description" : "Name of the artist the user would like to listen to."
    } ],
    "name" : "playArtist",
    "confirmationRequired" : false,
    "confirmationQuestion" : ""
  }, {
    "id" : "TSchmidty:playSong",
    "type" : "registry",
    "version" : "0.0.29",
    "language" : "en",
    "slots" : [ {
      "name" : "song_name",
      "id" : "slot_ryKWDkI6b",
      "entity" : "",
      "entityId" : "entity_qGYWYrK2qBe",
      "missingQuestion" : "What song do you want me to play?",
      "required" : true,
      "description" : "Name of the song the user would like to listen to."
    }, {
      "name" : "artist_name",
      "id" : "H1BU7z1zz",
      "entity" : "",
      "entityId" : "entity_EDg1k2b0pkb",
      "missingQuestion" : "",
      "required" : false
    } ],
    "name" : "playSong",
    "confirmationRequired" : false,
    "confirmationQuestion" : ""
  }, {
    "id" : "TSchmidty:playPlaylist",
    "type" : "registry",
    "version" : "0.0.27",
    "language" : "en",
    "slots" : [ {
      "name" : "playlist_name",
      "id" : "slot_HkUkNyL6Z",
      "entity" : "",
      "entityId" : "entity_3Y4ag1ADrDK",
      "missingQuestion" : "",
      "required" : false,
      "description" : "Name of the playlist the user would like to listen to."
    }, {
      "name" : "playlist_lecture_mode",
      "id" : "slot_HyVQVyU6Z",
      "entity" : "",
      "entityId" : "entity_AmO5zg8A71n",
      "missingQuestion" : "",
      "required" : false,
      "description" : "Lecture mode for the playback."
    } ],
    "name" : "playPlaylist",
    "confirmationRequired" : false,
    "confirmationQuestion" : ""
  }, {
    "id" : "TSchmidty:setThermostat",
    "type" : "registry",
    "version" : "0.0.14",
    "language" : "en",
    "slots" : [ {
      "name" : "temperature",
      "id" : "Hk476dV-M",
      "entity" : "",
      "entityId" : "temperature.temperature",
      "missingQuestion" : "",
      "required" : false,
      "description" : "temperature"
    }, {
      "name" : "zone",
      "id" : "BJOVpuV-f",
      "entity" : "",
      "entityId" : "entity_pn0GM9nv3G6",
      "missingQuestion" : "",
      "required" : false,
      "description" : "location"
    }, {
      "name" : "direction",
      "id" : "S1zZ-5VbG",
      "entity" : "",
      "entityId" : "entity_nmvnmVgNgl3",
      "missingQuestion" : "",
      "required" : false
    }, {
      "name" : "mode",
      "id" : "Bkh1A_-Ef",
      "entity" : "",
      "entityId" : "entity_rb6Nee5gWVy",
      "missingQuestion" : "",
      "required" : false
    } ],
    "name" : "setThermostat"
  }, {
    "id" : "user_rZEKlr8M7M3__SetTimer",
    "type" : "registry",
    "version" : "0.0.19",
    "language" : "en",
    "slots" : [ {
      "name" : "timer_duration",
      "id" : "HJpXLJCA-",
      "entity" : "",
      "entityId" : "time.duration",
      "missingQuestion" : "For how long?",
      "required" : true
    }, {
      "name" : "timer_name",
      "id" : "ByxwLJ00W",
      "entity" : "",
      "entityId" : "entity_PNZKreO5EWp",
      "missingQuestion" : "What should I remind you of?",
      "required" : false
    } ],
    "name" : "SetTimer"
  }, {
    "id" : "user_rZEKlr8M7M3__StopTimer",
    "type" : "registry",
    "version" : "0.0.5",
    "language" : "en",
    "slots" : [ {
      "name" : "timer_name",
      "id" : "rkuCD1RCZ",
      "entity" : "",
      "entityId" : "entity_PNZKreO5EWp",
      "missingQuestion" : "Which timer do you want to stop?",
      "required" : true
    } ],
    "name" : "StopTimer"
  }, {
    "id" : "user_rZEKlr8M7M3__toggleSound",
    "type" : "registry",
    "version" : "0.0.1",
    "language" : "en",
    "slots" : [ {
      "name" : "sound",
      "id" : "HJywUKEWG",
      "entity" : "",
      "entityId" : "entity_YV1prwNm58B",
      "missingQuestion" : "",
      "required" : false
    } ],
    "name" : "toggleSound"
  }, {
    "id" : "user_rZEKlr8M7M3__turnCoffeeOff",
    "type" : "registry",
    "version" : "0.0.2",
    "language" : "en",
    "slots" : [ ],
    "name" : "turnCoffeeOff"
  }, {
    "id" : "user_rZEKlr8M7M3__turnCoffeeOn",
    "type" : "registry",
    "version" : "0.0.1",
    "language" : "en",
    "slots" : [ ],
    "name" : "turnCoffeeOn"
  }, {
    "id" : "lightsTurnUp",
    "type" : "registry",
    "version" : "0.0.19",
    "language" : "en",
    "slots" : [ {
      "name" : "house_room",
      "id" : "slot_imported_HJlMv8BrfTZ",
      "entity" : "",
      "entityId" : "entity_lOYad7OvYOz",
      "missingQuestion" : "",
      "required" : false,
      "description" : "room name"
    } ],
    "name" : "lightsTurnUp",
    "confirmationRequired" : false,
    "confirmationQuestion" : ""
  }, {
    "id" : "lightsTurnDown",
    "type" : "registry",
    "version" : "0.0.11",
    "language" : "en",
    "slots" : [ {
      "name" : "house_room",
      "id" : "slot_imported_Skab8nSBz6Z",
      "entity" : "",
      "entityId" : "entity_lOYad7OvYOz",
      "missingQuestion" : "",
      "required" : false,
      "description" : "room name"
    } ],
    "name" : "lightsTurnDown",
    "confirmationRequired" : false,
    "confirmationQuestion" : ""
  }, {
    "id" : "user_rZEKlr8M7M3__lightsTurnOff",
    "type" : "registry",
    "version" : "0.0.15",
    "language" : "en",
    "slots" : [ {
      "name" : "zone",
      "id" : "slot_imported_HkfggrHM6-",
      "entity" : "",
      "entityId" : "entity_ODE8PDdwbDB",
      "missingQuestion" : "",
      "required" : false
    } ],
    "name" : "lightsTurnOff",
    "confirmationRequired" : false,
    "confirmationQuestion" : ""
  }, {
    "id" : "user_rZEKlr8M7M3__lightsTurnOnSet",
    "type" : "registry",
    "version" : "0.0.57",
    "language" : "en",
    "slots" : [ {
      "name" : "number",
      "id" : "slot_imported_BJvQG0SXSfTW",
      "entity" : "",
      "entityId" : "numbers.number",
      "missingQuestion" : "",
      "required" : false,
      "description" : "number intensity"
    }, {
      "name" : "unit",
      "id" : "slot_imported_BJmXMRHmrzpZ",
      "entity" : "",
      "entityId" : "entity_mGBKgGvkXbd",
      "missingQuestion" : "",
      "required" : false,
      "description" : "percentage intensity"
    }, {
      "name" : "zone",
      "id" : "slot_imported_BJHQMAHmBfpb",
      "entity" : "",
      "entityId" : "entity_ODE8PDdwbDB",
      "missingQuestion" : "",
      "required" : false,
      "description" : "room name"
    } ],
    "name" : "lightsTurnOnSet",
    "confirmationRequired" : false,
    "confirmationQuestion" : ""
  }, {
    "id" : "TSchmidty:YesNoResponse",
    "type" : "registry",
    "version" : "0.0.4",
    "language" : "en",
    "slots" : [ {
      "name" : "answer",
      "id" : "HysPY_I4G",
      "entity" : "",
      "entityId" : "entity_zl0VZO21pP5",
      "missingQuestion" : "I didn't understand, yes or no?",
      "required" : true
    } ],
    "name" : "YesNoResponse"
  }, {
    "id" : "TSchmidty:tellJoke",
    "type" : "registry",
    "version" : "0.0.2",
    "language" : "en",
    "slots" : [ ],
    "name" : "tellJoke"
  }, {
    "id" : "TSchmidty:playTV",
    "type" : "registry",
    "version" : "0.0.16",
    "language" : "en",
    "slots" : [ {
      "name" : "zone",
      "id" : "ByOf7KYVM",
      "entity" : "",
      "entityId" : "entity_pn0GM9nv3G6",
      "missingQuestion" : "",
      "required" : false
    }, {
      "name" : "show",
      "id" : "HJqHUKqEM",
      "entity" : "",
      "entityId" : "entity_y0Z5ADMZZa1",
      "missingQuestion" : "What show?",
      "required" : true
    }, {
      "name" : "channel",
      "id" : "rkrKIFqVf",
      "entity" : "",
      "entityId" : "entity_70XY39rbwog",
      "missingQuestion" : "",
      "required" : false
    } ],
    "name" : "playTV"
  }, {
    "id" : "TSchmidty:pressPauseTV",
    "type" : "registry",
    "version" : "0.0.5",
    "language" : "en",
    "slots" : [ {
      "name" : "zone",
      "id" : "BkeduocNM",
      "entity" : "",
      "entityId" : "entity_pn0GM9nv3G6",
      "missingQuestion" : "",
      "required" : false
    } ],
    "name" : "pressPauseTV"
  }, {
    "id" : "TSchmidty:turnTVOn",
    "type" : "registry",
    "version" : "0.0.2",
    "language" : "en",
    "slots" : [ {
      "name" : "zone",
      "id" : "BJ7OpbaSG",
      "entity" : "",
      "entityId" : "entity_pn0GM9nv3G6",
      "missingQuestion" : "",
      "required" : false
    } ],
    "name" : "turnTVOn"
  }, {
    "id" : "TSchmidty:turnTVOff",
    "type" : "registry",
    "version" : "0.0.2",
    "language" : "en",
    "slots" : [ {
      "name" : "zone",
      "id" : "rkOyyMaHG",
      "entity" : "",
      "entityId" : "entity_pn0GM9nv3G6",
      "missingQuestion" : "",
      "required" : false
    } ],
    "name" : "turnTVOff"
  }, {
    "id" : "TSchmidty:pressPlayTV",
    "type" : "registry",
    "version" : "0.0.6",
    "language" : "en",
    "slots" : [ {
      "name" : "zone",
      "id" : "HJA6uoc4f",
      "entity" : "",
      "entityId" : "entity_pn0GM9nv3G6",
      "missingQuestion" : "",
      "required" : false
    } ],
    "name" : "pressPlayTV"
  }, {
    "id" : "TSchmidty:pressSelectTV",
    "type" : "registry",
    "version" : "0.0.2",
    "language" : "en",
    "slots" : [ {
      "name" : "zone",
      "id" : "rk5J6scVG",
      "entity" : "",
      "entityId" : "entity_pn0GM9nv3G6",
      "missingQuestion" : "",
      "required" : false
    } ],
    "name" : "pressSelectTV"
  }, {
    "id" : "TSchmidty:ask_wolfram",
    "type" : "registry",
    "version" : "0.0.3",
    "language" : "en",
    "slots" : [ ],
    "name" : "ask_wolfram"
  }, {
    "id" : "TSchmidty:goodMorning",
    "type" : "registry",
    "version" : "0.0.2",
    "language" : "en",
    "slots" : [ ],
    "name" : "goodMorning"
  }, {
    "id" : "TSchmidty:askGoogle",
    "type" : "registry",
    "version" : "0.0.1",
    "language" : "en",
    "slots" : [ ],
    "name" : "askGoogle"
  }, {
    "id" : "TSchmidty:start_dialogue",
    "type" : "registry",
    "version" : "0.0.1",
    "language" : "en",
    "slots" : [ ],
    "name" : "start_dialogue"
  }, {
    "id" : "TSchmidty:play_game",
    "type" : "registry",
    "version" : "0.0.1",
    "language" : "en",
    "slots" : [ ],
    "name" : "play_game"
  }, {
    "id" : "TSchmidty:testintent",
    "type" : "registry",
    "version" : "0.0.1",
    "language" : "en",
    "slots" : [ {
      "name" : "testslot",
      "id" : "SJxsUNOKz",
      "entity" : "",
      "entityId" : "entity_vaxwnrGK3ey",
      "missingQuestion" : "",
      "required" : false
    } ],
    "name" : "testintent"
  }, {
    "id" : "TSchmidty:ExploreTheMailbox",
    "type" : "registry",
    "version" : "0.0.2",
    "language" : "en",
    "slots" : [ ],
    "name" : "ExploreTheMailbox"
  }, {
    "id" : "TSchmidty:GoTo",
    "type" : "registry",
    "version" : "0.0.1",
    "language" : "en",
    "slots" : [ {
      "name" : "destination",
      "id" : "rJ6KqiCcz",
      "entity" : "",
      "entityId" : "entity_AY6O8V7X4Gg",
      "missingQuestion" : "",
      "required" : false
    } ],
    "name" : "GoTo"
  }, {
    "id" : "TSchmidty:LaunchMagicDoor",
    "type" : "registry",
    "version" : "0.0.3",
    "language" : "en",
    "slots" : [ ],
    "name" : "LaunchMagicDoor"
  }, {
    "id" : "TSchmidty:Open",
    "type" : "registry",
    "version" : "0.0.1",
    "language" : "en",
    "slots" : [ {
      "name" : "openObject",
      "id" : "SkkRo0L9f",
      "entity" : "",
      "entityId" : "entity_KK2B7odO2m4",
      "missingQuestion" : "",
      "required" : false
    } ],
    "name" : "Open"
  } ],
  "createdAt" : "2017-11-28T19:59:01.158Z",
  "language" : "en",
  "nluEngine" : {
    "version" : "0.13.0"
  },
  "platform" : {
    "type" : "raspberrypi"
  },
  "asr" : {
    "type" : "snips"
  },
  "analyticsEnabled" : true,
  "hotword" : "jarvis"
}