{
  "config": {
    "intent_parsers_configs": [
      {
        "max_pattern_length": 1000, 
        "max_queries": 100, 
        "unit_name": "deterministic_intent_parser"
      }, 
      {
        "intent_classifier_config": {
          "data_augmentation_config": {
            "add_builtin_entities_examples": false, 
            "min_utterances": 20, 
            "noise_factor": 5, 
            "unknown_word_prob": 0.2, 
            "unknown_words_replacement_string": "unknownword"
          }, 
          "featurizer_config": {
            "pvalue_threshold": 0.4, 
            "sublinear_tf": false, 
            "word_clusters_name": null
          }, 
          "random_seed": null, 
          "unit_name": "log_reg_intent_classifier"
        }, 
        "slot_filler_config": {
          "crf_args": {
            "algorithm": "lbfgs", 
            "c1": 0.1, 
            "c2": 0.1
          }, 
          "data_augmentation_config": {
            "add_builtin_entities_examples": false, 
            "capitalization_ratio": 0, 
            "min_utterances": 200
          }, 
          "feature_factory_configs": [
            {
              "args": {
                "common_words_gazetteer_name": "top_10000_words_stemmed", 
                "n": 1, 
                "use_stemming": true
              }, 
              "factory_name": "ngram", 
              "offsets": [
                -2, 
                -1, 
                0, 
                1, 
                2
              ]
            }, 
            {
              "args": {
                "common_words_gazetteer_name": "top_10000_words_stemmed", 
                "n": 2, 
                "use_stemming": true
              }, 
              "factory_name": "ngram", 
              "offsets": [
                -2, 
                1
              ]
            }, 
            {
              "args": {}, 
              "factory_name": "is_digit", 
              "offsets": [
                -1, 
                0, 
                1
              ]
            }, 
            {
              "args": {}, 
              "factory_name": "is_first", 
              "offsets": [
                -2, 
                -1, 
                0
              ]
            }, 
            {
              "args": {}, 
              "factory_name": "is_last", 
              "offsets": [
                0, 
                1, 
                2
              ]
            }, 
            {
              "args": {
                "n": 1
              }, 
              "factory_name": "shape_ngram", 
              "offsets": [
                0
              ]
            }, 
            {
              "args": {
                "n": 2
              }, 
              "factory_name": "shape_ngram", 
              "offsets": [
                -1, 
                0
              ]
            }, 
            {
              "args": {
                "n": 3
              }, 
              "factory_name": "shape_ngram", 
              "offsets": [
                -1
              ]
            }, 
            {
              "args": {
                "tagging_scheme_code": 2, 
                "use_stemming": true
              }, 
              "drop_out": 0.1, 
              "factory_name": "entity_match", 
              "offsets": [
                -2, 
                -1, 
                0
              ]
            }, 
            {
              "args": {
                "tagging_scheme_code": 1
              }, 
              "factory_name": "builtin_entity_match", 
              "offsets": [
                -2, 
                -1, 
                0
              ]
            }
          ], 
          "random_seed": null, 
          "tagging_scheme": 1, 
          "unit_name": "crf_slot_filler"
        }, 
        "unit_name": "probabilistic_intent_parser"
      }
    ], 
    "unit_name": "nlu_engine"
  }, 
  "dataset_metadata": {
    "entities": {
      "color": {
        "automatically_extensible": true, 
        "utterances": {
          "Bleu": "bleu", 
          "Orange": "orange", 
          "Rouge": "rouge", 
          "Vert": "vert", 
          "bleu": "bleu", 
          "orange": "orange", 
          "rouge": "rouge", 
          "vert": "vert"
        }
      }, 
      "hass_cover": {
        "automatically_extensible": true, 
        "utterances": {
          "Porte De Garage": "porte de garage", 
          "Porte Du Garage": "porte du garage", 
          "Rideau De La Salle A Manger": "rideau de la salle \u00e0 manger", 
          "Rideau De La Salle \u00c0 Manger": "rideau de la salle \u00e0 manger", 
          "Rideaux De La Salle A Manger": "rideaux de la salle \u00e0 manger", 
          "Rideaux De La Salle \u00c0 Manger": "rideaux de la salle \u00e0 manger", 
          "Store Du Salon": "store du salon", 
          "Stores Du Salon": "stores du salon", 
          "porte de garage": "porte de garage", 
          "porte du garage": "porte du garage", 
          "rideau de la salle a manger": "rideau de la salle \u00e0 manger", 
          "rideau de la salle \u00e0 manger": "rideau de la salle \u00e0 manger", 
          "rideaux de la salle a manger": "rideaux de la salle \u00e0 manger", 
          "rideaux de la salle \u00e0 manger": "rideaux de la salle \u00e0 manger", 
          "store du salon": "store du salon", 
          "stores du salon": "stores du salon"
        }
      }, 
      "hass_entity": {
        "automatically_extensible": true, 
        "utterances": {
          "Lumiere": "lumi\u00e8re", 
          "Lumi\u00e8re": "lumi\u00e8re", 
          "lumiere": "lumi\u00e8re", 
          "lumi\u00e8re": "lumi\u00e8re"
        }
      }, 
      "hass_light": {
        "automatically_extensible": true, 
        "utterances": {
          "Lumiere": "lumi\u00e8re", 
          "Lumiere De La Chambre A Coucher": "lumi\u00e8re de la chambre \u00e0 coucher", 
          "Lumiere De La Chambre D Amis": "lumi\u00e8re de la chambre d'amis", 
          "Lumiere De La Chambre D' Amis": "lumi\u00e8re de la chambre d'amis", 
          "Lumiere De La Chambre D'Amis": "lumi\u00e8re de la chambre d'amis", 
          "Lumiere De La Chambre DAmis": "lumi\u00e8re de la chambre d'amis", 
          "Lumiere De La Cuisine": "lumi\u00e8re de la cuisine", 
          "Lumiere De La Salle De Bain": "lumi\u00e8re de la salle de bain", 
          "Lumiere Des Escaliers": "lumi\u00e8re des escaliers", 
          "Lumiere Du Garage": "lumi\u00e8re du garage", 
          "Lumiere Du Jardin": "lumi\u00e8re du jardin", 
          "Lumiere Du Porche": "lumi\u00e8re du porche", 
          "Lumiere Du Salon": "lumi\u00e8re du salon", 
          "Lumiere Du Sous Sol": "lumi\u00e8re du sous-sol", 
          "Lumiere Du Sous-Sol": "lumi\u00e8re du sous-sol", 
          "Lumiere Du SousSol": "lumi\u00e8re du sous-sol", 
          "Lumiere Parentale": "lumi\u00e8re parentale", 
          "Luminosite": "luminosit\u00e9", 
          "Luminosit\u00e9": "luminosit\u00e9", 
          "Lumi\u00e8re": "lumi\u00e8re", 
          "Lumi\u00e8re De La Chambre D Amis": "lumi\u00e8re de la chambre d'amis", 
          "Lumi\u00e8re De La Chambre D' Amis": "lumi\u00e8re de la chambre d'amis", 
          "Lumi\u00e8re De La Chambre D'Amis": "lumi\u00e8re de la chambre d'amis", 
          "Lumi\u00e8re De La Chambre DAmis": "lumi\u00e8re de la chambre d'amis", 
          "Lumi\u00e8re De La Chambre \u00c0 Coucher": "lumi\u00e8re de la chambre \u00e0 coucher", 
          "Lumi\u00e8re De La Cuisine": "lumi\u00e8re de la cuisine", 
          "Lumi\u00e8re De La Salle De Bain": "lumi\u00e8re de la salle de bain", 
          "Lumi\u00e8re Des Escaliers": "lumi\u00e8re des escaliers", 
          "Lumi\u00e8re Du Garage": "lumi\u00e8re du garage", 
          "Lumi\u00e8re Du Jardin": "lumi\u00e8re du jardin", 
          "Lumi\u00e8re Du Porche": "lumi\u00e8re du porche", 
          "Lumi\u00e8re Du Salon": "lumi\u00e8re du salon", 
          "Lumi\u00e8re Du Sous Sol": "lumi\u00e8re du sous-sol", 
          "Lumi\u00e8re Du Sous-Sol": "lumi\u00e8re du sous-sol", 
          "Lumi\u00e8re Du SousSol": "lumi\u00e8re du sous-sol", 
          "Lumi\u00e8re Parentale": "lumi\u00e8re parentale", 
          "lumiere": "lumi\u00e8re", 
          "lumiere de la chambre a coucher": "lumi\u00e8re de la chambre \u00e0 coucher", 
          "lumiere de la chambre d amis": "lumi\u00e8re de la chambre d'amis", 
          "lumiere de la chambre d' amis": "lumi\u00e8re de la chambre d'amis", 
          "lumiere de la chambre d'amis": "lumi\u00e8re de la chambre d'amis", 
          "lumiere de la chambre damis": "lumi\u00e8re de la chambre d'amis", 
          "lumiere de la cuisine": "lumi\u00e8re de la cuisine", 
          "lumiere de la salle de bain": "lumi\u00e8re de la salle de bain", 
          "lumiere des escaliers": "lumi\u00e8re des escaliers", 
          "lumiere du garage": "lumi\u00e8re du garage", 
          "lumiere du jardin": "lumi\u00e8re du jardin", 
          "lumiere du porche": "lumi\u00e8re du porche", 
          "lumiere du salon": "lumi\u00e8re du salon", 
          "lumiere du sous sol": "lumi\u00e8re du sous-sol", 
          "lumiere du sous-sol": "lumi\u00e8re du sous-sol", 
          "lumiere du soussol": "lumi\u00e8re du sous-sol", 
          "lumiere parentale": "lumi\u00e8re parentale", 
          "luminosite": "luminosit\u00e9", 
          "luminosit\u00e9": "luminosit\u00e9", 
          "lumi\u00e8re": "lumi\u00e8re", 
          "lumi\u00e8re de la chambre d amis": "lumi\u00e8re de la chambre d'amis", 
          "lumi\u00e8re de la chambre d' amis": "lumi\u00e8re de la chambre d'amis", 
          "lumi\u00e8re de la chambre d'amis": "lumi\u00e8re de la chambre d'amis", 
          "lumi\u00e8re de la chambre damis": "lumi\u00e8re de la chambre d'amis", 
          "lumi\u00e8re de la chambre \u00e0 coucher": "lumi\u00e8re de la chambre \u00e0 coucher", 
          "lumi\u00e8re de la cuisine": "lumi\u00e8re de la cuisine", 
          "lumi\u00e8re de la salle de bain": "lumi\u00e8re de la salle de bain", 
          "lumi\u00e8re des escaliers": "lumi\u00e8re des escaliers", 
          "lumi\u00e8re du garage": "lumi\u00e8re du garage", 
          "lumi\u00e8re du jardin": "lumi\u00e8re du jardin", 
          "lumi\u00e8re du porche": "lumi\u00e8re du porche", 
          "lumi\u00e8re du salon": "lumi\u00e8re du salon", 
          "lumi\u00e8re du sous sol": "lumi\u00e8re du sous-sol", 
          "lumi\u00e8re du sous-sol": "lumi\u00e8re du sous-sol", 
          "lumi\u00e8re du soussol": "lumi\u00e8re du sous-sol", 
          "lumi\u00e8re parentale": "lumi\u00e8re parentale"
        }
      }, 
      "item": {
        "automatically_extensible": true, 
        "utterances": {
          "Biere": "bi\u00e8re", 
          "Bi\u00e8re": "bi\u00e8re", 
          "biere": "bi\u00e8re", 
          "bi\u00e8re": "bi\u00e8re"
        }
      }
    }, 
    "language_code": "fr", 
    "slot_name_mappings": {
      "hass:HassCloseCover": {
        "hass_cover": "hass_cover"
      }, 
      "hass:HassLightSet": {
        "brightness": "snips/percentage", 
        "color": "color", 
        "light": "hass_light"
      }, 
      "hass:HassOpenCover": {
        "cover": "hass_cover"
      }, 
      "hass:HassShoppingListAddItem": {
        "item": "item"
      }, 
      "hass:HassShoppingListLastItems": {}, 
      "hass:HassTurnOff": {
        "name": "hass_entity"
      }, 
      "hass:HassTurnOn": {
        "name": "hass_entity"
      }
    }
  }, 
  "intent_parsers": [
    "deterministic_intent_parser", 
    "probabilistic_intent_parser"
  ], 
  "model_version": "0.16.0", 
  "training_package_version": "0.16.1", 
  "unit_name": "nlu_engine"
}