{
  "config": {
    "max_pattern_length": 1000, 
    "max_queries": 100, 
    "unit_name": "deterministic_intent_parser"
  }, 
  "group_names_to_slot_names": {
    "group_0": "item", 
    "group_1": "item", 
    "group_10": "name", 
    "group_11": "name", 
    "group_12": "name", 
    "group_13": "name", 
    "group_14": "name", 
    "group_15": "name", 
    "group_16": "name", 
    "group_17": "name", 
    "group_18": "name", 
    "group_19": "name", 
    "group_2": "item", 
    "group_20": "name", 
    "group_21": "name", 
    "group_22": "name", 
    "group_23": "name", 
    "group_24": "name", 
    "group_25": "name", 
    "group_26": "name", 
    "group_27": "name", 
    "group_28": "name", 
    "group_29": "name", 
    "group_3": "item", 
    "group_30": "name", 
    "group_31": "name", 
    "group_32": "name", 
    "group_33": "name", 
    "group_34": "name", 
    "group_35": "name", 
    "group_36": "name", 
    "group_37": "name", 
    "group_38": "name", 
    "group_39": "name", 
    "group_4": "item", 
    "group_40": "name", 
    "group_41": "name", 
    "group_42": "name", 
    "group_43": "name", 
    "group_44": "name", 
    "group_45": "name", 
    "group_46": "name", 
    "group_47": "name", 
    "group_48": "name", 
    "group_49": "name", 
    "group_5": "item", 
    "group_50": "name", 
    "group_51": "name", 
    "group_52": "name", 
    "group_53": "light", 
    "group_54": "color", 
    "group_55": "light", 
    "group_56": "color", 
    "group_57": "brightness", 
    "group_58": "light", 
    "group_59": "brightness", 
    "group_6": "item", 
    "group_60": "light", 
    "group_61": "color", 
    "group_62": "light", 
    "group_63": "brightness", 
    "group_64": "cover", 
    "group_65": "cover", 
    "group_66": "cover", 
    "group_67": "cover", 
    "group_7": "name", 
    "group_8": "name", 
    "group_9": "name"
  }, 
  "language_code": "en", 
  "patterns": {
    "hass:HassCloseCover": [
      "^\\s*close\\s*the\\s*(?P<group_64>living\\s*room\\s*windows|living\\s*room\\s*blinds|dining\\s*room\\s*blinds|living\\s*room\\s*window|right\\s*garage\\s*door|left\\s*garage\\s*door|bedroom\\s*windows|kitchen\\s*windows|kitchen\\s*window|bedroom\\s*window|hall\\s*window|garage\\s*door|skylight|blinds)\\s*$", 
      "^\\s*close\\s*garage\\s*door\\s*$", 
      "^\\s*close\\s*(?P<group_65>living\\s*room\\s*windows|living\\s*room\\s*blinds|dining\\s*room\\s*blinds|living\\s*room\\s*window|right\\s*garage\\s*door|left\\s*garage\\s*door|bedroom\\s*windows|kitchen\\s*windows|kitchen\\s*window|bedroom\\s*window|hall\\s*window|garage\\s*door|skylight|blinds)\\s*$"
    ], 
    "hass:HassLightSet": [
      "^\\s*set\\s*the\\s*(?P<group_55>living\\s*room\\s*lights|dining\\s*room\\s*light|basement\\s*lights|kitchen\\s*lights|basement\\s*light|outside\\s*lights|bedroom\\s*light|kitchen\\s*light|garden\\s*light|porch\\s*light|light)\\s*to\\s*(?P<group_56>light\\s*green|light\\s*blue|purple|yellow|silver|maroon|olive|green|white|blue|gray|teal|aqua|navy|lime|red)\\s*and\\s*(?P<group_57>%SNIPSPERCENTAGE%)\\s*$", 
      "^\\s*set\\s*the\\s*(?P<group_60>living\\s*room\\s*lights|dining\\s*room\\s*light|basement\\s*lights|kitchen\\s*lights|basement\\s*light|outside\\s*lights|bedroom\\s*light|kitchen\\s*light|garden\\s*light|porch\\s*light|light)\\s*(?P<group_61>light\\s*green|light\\s*blue|purple|yellow|silver|maroon|olive|green|white|blue|gray|teal|aqua|navy|lime|red)\\s*$", 
      "^\\s*make\\s*the\\s*(?P<group_53>living\\s*room\\s*lights|dining\\s*room\\s*light|basement\\s*lights|kitchen\\s*lights|basement\\s*light|outside\\s*lights|bedroom\\s*light|kitchen\\s*light|garden\\s*light|porch\\s*light|light)\\s*(?P<group_54>light\\s*green|light\\s*blue|purple|yellow|silver|maroon|olive|green|white|blue|gray|teal|aqua|navy|lime|red)\\s*$", 
      "^\\s*turn\\s*the\\s*(?P<group_62>living\\s*room\\s*lights|dining\\s*room\\s*light|basement\\s*lights|kitchen\\s*lights|basement\\s*light|outside\\s*lights|bedroom\\s*light|kitchen\\s*light|garden\\s*light|porch\\s*light|light)\\s*on\\s*to\\s*(?P<group_63>%SNIPSPERCENTAGE%)\\s*$", 
      "^\\s*turn\\s*the\\s*(?P<group_58>living\\s*room\\s*lights|dining\\s*room\\s*light|basement\\s*lights|kitchen\\s*lights|basement\\s*light|outside\\s*lights|bedroom\\s*light|kitchen\\s*light|garden\\s*light|porch\\s*light|light)\\s*down\\s*to\\s*(?P<group_59>%SNIPSPERCENTAGE%)\\s*$"
    ], 
    "hass:HassOpenCover": [
      "^\\s*open\\s*the\\s*(?P<group_66>living\\s*room\\s*windows|living\\s*room\\s*blinds|dining\\s*room\\s*blinds|living\\s*room\\s*window|right\\s*garage\\s*door|left\\s*garage\\s*door|bedroom\\s*windows|kitchen\\s*windows|kitchen\\s*window|bedroom\\s*window|hall\\s*window|garage\\s*door|skylight|blinds)\\s*$", 
      "^\\s*open\\s*(?P<group_67>living\\s*room\\s*windows|living\\s*room\\s*blinds|dining\\s*room\\s*blinds|living\\s*room\\s*window|right\\s*garage\\s*door|left\\s*garage\\s*door|bedroom\\s*windows|kitchen\\s*windows|kitchen\\s*window|bedroom\\s*window|hall\\s*window|garage\\s*door|skylight|blinds)\\s*$"
    ], 
    "hass:HassShoppingListAddItem": [], 
    "hass:HassShoppingListLastItems": [
      "^\\s*when\\s*i\\s*go\\s*to\\s*the\\s*store\\s*what\\s*do\\s*i\\s*need\\s*to\\s*get\\s*$", 
      "^\\s*what\\s*should\\s*we\\s*get\\s*at\\s*the\\s*store\\s*$", 
      "^\\s*what\\s*s\\s*on\\s*my\\s*list\\s*$", 
      "^\\s*list\\s*what\\s*i\\s*need\\s*from\\s*the\\s*store\\s*$", 
      "^\\s*do\\s*i\\s*need\\s*to\\s*get\\s*anything\\s*from\\s*the\\s*store\\s*$", 
      "^\\s*what\\s*do\\s*i\\s*need\\s*to\\s*get\\s*at\\s*the\\s*store\\s*$", 
      "^\\s*what\\s*do\\s*i\\s*need\\s*to\\s*get\\s*$", 
      "^\\s*tell\\s*me\\s*my\\s*shopping\\s*list\\s*$", 
      "^\\s*what\\s*should\\s*i\\s*get\\s*at\\s*the\\s*store\\s*$", 
      "^\\s*what\\s*is\\s*on\\s*my\\s*shopping\\s*list\\s*$"
    ], 
    "hass:HassTurnOff": [], 
    "hass:HassTurnOn": []
  }, 
  "slot_names_to_entities": {
    "hass:HassCloseCover": {
      "cover": "hass_cover"
    }, 
    "hass:HassLightSet": {
      "brightness": "snips/percentage", 
      "color": "color", 
      "light": "light"
    }, 
    "hass:HassOpenCover": {
      "cover": "hass_cover"
    }, 
    "hass:HassShoppingListAddItem": {
      "item": "shopping_items"
    }, 
    "hass:HassShoppingListLastItems": {}, 
    "hass:HassTurnOff": {
      "name": "hass_entity"
    }, 
    "hass:HassTurnOn": {
      "name": "hass_entity"
    }
  }, 
  "unit_name": "deterministic_intent_parser"
}