{
  "config": {
    "max_pattern_length": 1000, 
    "max_queries": 100, 
    "unit_name": "deterministic_intent_parser"
  }, 
  "group_names_to_slot_names": {
    "group_0": "item", 
    "group_1": "item", 
    "group_10": "name", 
    "group_11": "name", 
    "group_12": "name", 
    "group_13": "name", 
    "group_14": "name", 
    "group_15": "name", 
    "group_16": "name", 
    "group_17": "name", 
    "group_18": "name", 
    "group_19": "name", 
    "group_2": "item", 
    "group_20": "name", 
    "group_21": "name", 
    "group_22": "name", 
    "group_23": "name", 
    "group_24": "name", 
    "group_25": "name", 
    "group_26": "name", 
    "group_27": "name", 
    "group_28": "name", 
    "group_29": "name", 
    "group_3": "item", 
    "group_30": "name", 
    "group_31": "name", 
    "group_32": "name", 
    "group_33": "name", 
    "group_34": "name", 
    "group_35": "name", 
    "group_36": "name", 
    "group_37": "name", 
    "group_38": "name", 
    "group_39": "name", 
    "group_4": "item", 
    "group_40": "name", 
    "group_41": "name", 
    "group_42": "name", 
    "group_43": "name", 
    "group_44": "name", 
    "group_45": "name", 
    "group_46": "name", 
    "group_47": "name", 
    "group_48": "name", 
    "group_49": "name", 
    "group_5": "item", 
    "group_50": "name", 
    "group_51": "name", 
    "group_52": "name", 
    "group_53": "light", 
    "group_54": "color", 
    "group_55": "light", 
    "group_56": "color", 
    "group_57": "brightness", 
    "group_58": "light", 
    "group_59": "brightness", 
    "group_6": "item", 
    "group_60": "light", 
    "group_61": "color", 
    "group_62": "light", 
    "group_63": "brightness", 
    "group_64": "cover", 
    "group_65": "cover", 
    "group_66": "cover", 
    "group_67": "cover", 
    "group_7": "name", 
    "group_8": "name", 
    "group_9": "name"
  }, 
  "language_code": "en", 
  "patterns": {
    "hass:HassCloseCover": [
      "^\\s*close\\s*the\\s*(?P<group_64>%HASS_COVER%)\\s*$", 
      "^\\s*close\\s*(?P<group_65>%HASS_COVER%)\\s*$", 
      "^\\s*close\\s*garage\\s*door\\s*$"
    ], 
    "hass:HassLightSet": [
      "^\\s*turn\\s*the\\s*(?P<group_58>%LIGHT%)\\s*down\\s*to\\s*(?P<group_59>%SNIPSPERCENTAGE%)\\s*$", 
      "^\\s*make\\s*the\\s*(?P<group_53>%LIGHT%)\\s*(?P<group_54>%COLOR%)\\s*$", 
      "^\\s*set\\s*the\\s*(?P<group_60>%LIGHT%)\\s*(?P<group_61>%COLOR%)\\s*$", 
      "^\\s*set\\s*the\\s*(?P<group_55>%LIGHT%)\\s*to\\s*(?P<group_56>%COLOR%)\\s*and\\s*(?P<group_57>%SNIPSPERCENTAGE%)\\s*$", 
      "^\\s*turn\\s*the\\s*(?P<group_62>%LIGHT%)\\s*on\\s*to\\s*(?P<group_63>%SNIPSPERCENTAGE%)\\s*$"
    ], 
    "hass:HassOpenCover": [
      "^\\s*open\\s*(?P<group_67>%HASS_COVER%)\\s*$", 
      "^\\s*open\\s*the\\s*(?P<group_66>%HASS_COVER%)\\s*$"
    ], 
    "hass:HassShoppingListAddItem": [
      "^\\s*add\\s*(?P<group_6>%SHOPPING_ITEMS%)\\s*to\\s*my\\s*shopping\\s*list\\s*$", 
      "^\\s*put\\s*(?P<group_2>%SHOPPING_ITEMS%)\\s*on\\s*my\\s*list\\s*$", 
      "^\\s*let\\s*s\\s*get\\s*(?P<group_0>%SHOPPING_ITEMS%)\\s*while\\s*we\\s*are\\s*at\\s*the\\s*store\\s*$", 
      "^\\s*remind\\s*me\\s*to\\s*go\\s*to\\s*the\\s*store\\s*and\\s*get\\s*(?P<group_1>%SHOPPING_ITEMS%)\\s*$", 
      "^\\s*remind\\s*me\\s*to\\s*get\\s*(?P<group_5>%SHOPPING_ITEMS%)\\s*at\\s*the\\s*store\\s*$", 
      "^\\s*add\\s*(?P<group_3>%SHOPPING_ITEMS%)\\s*to\\s*my\\s*grocery\\s*list\\s*$", 
      "^\\s*add\\s*(?P<group_4>%SHOPPING_ITEMS%)\\s*to\\s*my\\s*list\\s*$"
    ], 
    "hass:HassShoppingListLastItems": [
      "^\\s*when\\s*i\\s*go\\s*to\\s*the\\s*store\\s*what\\s*do\\s*i\\s*need\\s*to\\s*get\\s*$", 
      "^\\s*what\\s*should\\s*we\\s*get\\s*at\\s*the\\s*store\\s*$", 
      "^\\s*what\\s*s\\s*on\\s*my\\s*list\\s*$", 
      "^\\s*list\\s*what\\s*i\\s*need\\s*from\\s*the\\s*store\\s*$", 
      "^\\s*do\\s*i\\s*need\\s*to\\s*get\\s*anything\\s*from\\s*the\\s*store\\s*$", 
      "^\\s*what\\s*do\\s*i\\s*need\\s*to\\s*get\\s*at\\s*the\\s*store\\s*$", 
      "^\\s*what\\s*do\\s*i\\s*need\\s*to\\s*get\\s*$", 
      "^\\s*tell\\s*me\\s*my\\s*shopping\\s*list\\s*$", 
      "^\\s*what\\s*should\\s*i\\s*get\\s*at\\s*the\\s*store\\s*$", 
      "^\\s*what\\s*is\\s*on\\s*my\\s*shopping\\s*list\\s*$"
    ], 
    "hass:HassTurnOff": [
      "^\\s*turn\\s*offthe\\s*(?P<group_47>%HASS_ENTITY%)\\s*$", 
      "^\\s*(?P<group_39>%HASS_ENTITY%)\\s*off\\s*(?P<group_40>%HASS_ENTITY%)\\s*the\\s*(?P<group_41>%HASS_ENTITY%)\\s*please\\s*$", 
      "^\\s*turn\\s*off\\s*the\\s*(?P<group_30>%HASS_ENTITY%)\\s*$", 
      "^\\s*turn\\s*the\\s*(?P<group_33>%HASS_ENTITY%)\\s*switch\\s*off\\s*$", 
      "^\\s*turn\\s*the\\s*(?P<group_43>%HASS_ENTITY%)\\s*light\\s*off\\s*$", 
      "^\\s*tunn\\s*off\\s*the\\s*(?P<group_34>%HASS_ENTITY%)\\s*$", 
      "^\\s*switch\\s*the\\s*(?P<group_38>%HASS_ENTITY%)\\s*light\\s*off\\s*$", 
      "^\\s*switch\\s*off\\s*the\\s*(?P<group_44>%HASS_ENTITY%)\\s*$", 
      "^\\s*put\\s*the\\s*(?P<group_46>%HASS_ENTITY%)\\s*off\\s*$", 
      "^\\s*turn\\s*off\\s*(?P<group_52>%HASS_ENTITY%)\\s*$", 
      "^\\s*(?P<group_42>%HASS_ENTITY%)\\s*pendant\\s*off\\s*$", 
      "^\\s*put\\s*the\\s*(?P<group_45>%HASS_ENTITY%)\\s*light\\s*off\\s*$", 
      "^\\s*turn\\s*(?P<group_51>%HASS_ENTITY%)\\s*off\\s*$", 
      "^\\s*keep\\s*the\\s*(?P<group_50>%HASS_ENTITY%)\\s*off\\s*$", 
      "^\\s*turn\\s*off\\s*(?P<group_35>%HASS_ENTITY%)\\s*the\\s*(?P<group_36>%HASS_ENTITY%)\\s*in\\s*the\\s*(?P<group_37>%HASS_ENTITY%)\\s*$", 
      "^\\s*turn\\s*off\\s*(?P<group_48>%HASS_ENTITY%)\\s*the\\s*(?P<group_49>%HASS_ENTITY%)\\s*$", 
      "^\\s*turn\\s*the\\s*(?P<group_31>%HASS_ENTITY%)\\s*off\\s*$", 
      "^\\s*switch\\s*the\\s*(?P<group_32>%HASS_ENTITY%)\\s*off\\s*$"
    ], 
    "hass:HassTurnOn": [
      "^\\s*put\\s*the\\s*(?P<group_24>%HASS_ENTITY%)\\s*on\\s*$", 
      "^\\s*tunn\\s*on\\s*the\\s*(?P<group_11>%HASS_ENTITY%)\\s*$", 
      "^\\s*turn\\s*the\\s*(?P<group_10>%HASS_ENTITY%)\\s*switch\\s*on\\s*$", 
      "^\\s*(?P<group_19>%HASS_ENTITY%)\\s*pendant\\s*on\\s*$", 
      "^\\s*turn\\s*onthe\\s*(?P<group_25>%HASS_ENTITY%)\\s*$", 
      "^\\s*turn\\s*(?P<group_29>%HASS_ENTITY%)\\s*on\\s*$", 
      "^\\s*turn\\s*on\\s*all\\s*the\\s*(?P<group_26>%HASS_ENTITY%)\\s*$", 
      "^\\s*switch\\s*the\\s*(?P<group_15>%HASS_ENTITY%)\\s*light\\s*on\\s*$", 
      "^\\s*put\\s*the\\s*(?P<group_23>%HASS_ENTITY%)\\s*light\\s*on\\s*$", 
      "^\\s*turn\\s*on\\s*the\\s*(?P<group_7>%HASS_ENTITY%)\\s*$", 
      "^\\s*turn\\s*the\\s*(?P<group_8>%HASS_ENTITY%)\\s*on\\s*$", 
      "^\\s*switch\\s*the\\s*(?P<group_9>%HASS_ENTITY%)\\s*on\\s*$", 
      "^\\s*(?P<group_21>%HASS_ENTITY%)\\s*on\\s*the\\s*(?P<group_22>%HASS_ENTITY%)\\s*$", 
      "^\\s*turn\\s*on\\s*(?P<group_28>%HASS_ENTITY%)\\s*$", 
      "^\\s*keep\\s*the\\s*(?P<group_27>%HASS_ENTITY%)\\s*on\\s*$", 
      "^\\s*turn\\s*on\\s*(?P<group_12>%HASS_ENTITY%)\\s*the\\s*(?P<group_13>%HASS_ENTITY%)\\s*the\\s*(?P<group_14>%HASS_ENTITY%)\\s*$", 
      "^\\s*(?P<group_16>%HASS_ENTITY%)\\s*on\\s*(?P<group_17>%HASS_ENTITY%)\\s*the\\s*(?P<group_18>%HASS_ENTITY%)\\s*please\\s*$", 
      "^\\s*turn\\s*the\\s*(?P<group_20>%HASS_ENTITY%)\\s*light\\s*on\\s*$"
    ]
  }, 
  "slot_names_to_entities": {
    "hass:HassCloseCover": {
      "cover": "hass_cover"
    }, 
    "hass:HassLightSet": {
      "brightness": "snips/percentage", 
      "color": "color", 
      "light": "light"
    }, 
    "hass:HassOpenCover": {
      "cover": "hass_cover"
    }, 
    "hass:HassShoppingListAddItem": {
      "item": "shopping_items"
    }, 
    "hass:HassShoppingListLastItems": {}, 
    "hass:HassTurnOff": {
      "name": "hass_entity"
    }, 
    "hass:HassTurnOn": {
      "name": "hass_entity"
    }
  }
}