{
  "config": {
    "crf_args": {
      "algorithm": "lbfgs", 
      "c1": 0.1, 
      "c2": 0.1
    }, 
    "data_augmentation_config": {
      "add_builtin_entities_examples": false, 
      "capitalization_ratio": 0, 
      "min_utterances": 200
    }, 
    "feature_factory_configs": [
      {
        "args": {
          "common_words_gazetteer_name": "top_200000_words_stemmed", 
          "language_code": "de", 
          "n": 1, 
          "use_stemming": true
        }, 
        "factory_name": "ngram", 
        "offsets": [
          -2, 
          -1, 
          0, 
          1, 
          2
        ]
      }, 
      {
        "args": {
          "common_words_gazetteer_name": "top_200000_words_stemmed", 
          "language_code": "de", 
          "n": 2, 
          "use_stemming": true
        }, 
        "factory_name": "ngram", 
        "offsets": [
          -2, 
          1
        ]
      }, 
      {
        "args": {
          "prefix_size": 2
        }, 
        "factory_name": "prefix", 
        "offsets": [
          0
        ]
      }, 
      {
        "args": {
          "prefix_size": 5
        }, 
        "factory_name": "prefix", 
        "offsets": [
          0
        ]
      }, 
      {
        "args": {
          "suffix_size": 2
        }, 
        "factory_name": "suffix", 
        "offsets": [
          0
        ]
      }, 
      {
        "args": {
          "suffix_size": 5
        }, 
        "factory_name": "suffix", 
        "offsets": [
          0
        ]
      }, 
      {
        "args": {}, 
        "factory_name": "is_digit", 
        "offsets": [
          -1, 
          0, 
          1
        ]
      }, 
      {
        "args": {}, 
        "factory_name": "is_first", 
        "offsets": [
          -2, 
          -1, 
          0
        ]
      }, 
      {
        "args": {}, 
        "factory_name": "is_last", 
        "offsets": [
          0, 
          1, 
          2
        ]
      }, 
      {
        "args": {
          "language_code": "de", 
          "n": 1
        }, 
        "factory_name": "shape_ngram", 
        "offsets": [
          0
        ]
      }, 
      {
        "args": {
          "language_code": "de", 
          "n": 2
        }, 
        "factory_name": "shape_ngram", 
        "offsets": [
          -1, 
          0
        ]
      }, 
      {
        "args": {
          "language_code": "de", 
          "n": 3
        }, 
        "factory_name": "shape_ngram", 
        "offsets": [
          -1
        ]
      }, 
      {
        "args": {
          "collections": {
            "hass_entity": [
              "spulmaschin", 
              "lichterkett", 
              "robot staubsaug", 
              "heizkorp", 
              "spotify", 
              "ausgausgstur", 
              "treppenhauslicht", 
              "staubsaugerroboter", 
              "handy", 
              "heizkorp", 
              "wohnzimmersteckdose", 
              "flurlicht", 
              "fernsehgerat", 
              "fernseh", 
              "handy", 
              "robot staubsaug", 
              "wlaus", 
              "flurlicht", 
              "licht", 
              "heizkorp", 
              "fernseh", 
              "staubsaug robot", 
              "lamp", 
              "waschmaschin", 
              "geschirrspulmaschin", 
              "geschirrspulmaschin", 
              "heizung", 
              "treppenhauslicht", 
              "kuchenlicht", 
              "heizkorp", 
              "lamp", 
              "wlaus", 
              "spulmaschin", 
              "heizung", 
              "robot staubsaug", 
              "fernsehgerat", 
              "arbeitszimmerlicht", 
              "spulmaschin", 
              "roboterstaubsauger", 
              "lamp", 
              "robot staubsaug", 
              "sicherheitsalarm", 
              "steckdos", 
              "staubsaug robot", 
              "licht", 
              "badlicht", 
              "klimaauslage", 
              "volumio", 
              "geschirrspulmaschin", 
              "kuchenlicht", 
              "wohnzimmerlicht", 
              "comput", 
              "robot staubsaug", 
              "roboterstaubsauger", 
              "spotify", 
              "tor", 
              "balkonlicht", 
              "arbeitszimmerlicht", 
              "musik", 
              "roboterstaubsauger", 
              "comput", 
              "fernsehgerat", 
              "tor", 
              "balkonlicht", 
              "geschirrspulmaschin", 
              "steckdos", 
              "musik", 
              "badlicht", 
              "klimaauslage", 
              "wlaus", 
              "robot staubsaug", 
              "kellerlicht", 
              "wohnzimmersteckdose", 
              "sicherheitsalarm", 
              "ausgausgstur", 
              "kuchenlicht", 
              "staubsaug robot", 
              "radio", 
              "spulmaschin", 
              "kellerlicht", 
              "fernsehgerat", 
              "licht", 
              "kuchenlicht", 
              "staubsaug robot", 
              "lautsprech", 
              "waschmaschin", 
              "wohnzimmerlicht", 
              "lichterkett", 
              "staubsaugerroboter", 
              "beleucht", 
              "volumio", 
              "ausgausgstur", 
              "ausgausgstur", 
              "lamp", 
              "beleucht", 
              "radio", 
              "lautsprech", 
              "licht"
            ]
          }, 
          "language_code": "de", 
          "tagging_scheme_code": 2, 
          "use_stemming": true
        }, 
        "drop_out": 0.1, 
        "factory_name": "entity_match", 
        "offsets": [
          -2, 
          -1, 
          0
        ]
      }, 
      {
        "args": {
          "entity_labels": [
            "snips/amountOfMoney", 
            "snips/ordinal", 
            "snips/number", 
            "snips/duration", 
            "snips/percentage", 
            "snips/temperature", 
            "snips/datetime"
          ], 
          "language_code": "de", 
          "tagging_scheme_code": 1
        }, 
        "factory_name": "builtin_entity_match", 
        "offsets": [
          -2, 
          -1, 
          0
        ]
      }
    ], 
    "random_seed": null, 
    "tagging_scheme": 1, 
    "unit_name": "crf_slot_filler"
  }, 
  "crf_model_file": "model302Eh8.crfsuite", 
  "intent": "hass:HassTurnOff", 
  "language_code": "de", 
  "slot_name_mapping": {
    "name": "hass_entity"
  }, 
  "unit_name": "crf_slot_filler"
}