{
  "config": {
    "max_pattern_length": 1000, 
    "max_queries": 100, 
    "unit_name": "deterministic_intent_parser"
  }, 
  "group_names_to_slot_names": {
    "group_0": "artikel", 
    "group_1": "entitat", 
    "group_10": "entitat", 
    "group_100": "entitat", 
    "group_101": "entitat", 
    "group_102": "entitat", 
    "group_103": "entitat", 
    "group_104": "name", 
    "group_105": "name", 
    "group_106": "name", 
    "group_107": "name", 
    "group_108": "name", 
    "group_109": "name", 
    "group_11": "entitat", 
    "group_110": "name", 
    "group_111": "name", 
    "group_112": "name", 
    "group_113": "name", 
    "group_114": "name", 
    "group_115": "name", 
    "group_116": "name", 
    "group_117": "name", 
    "group_118": "name", 
    "group_119": "name", 
    "group_12": "entitat", 
    "group_120": "name", 
    "group_121": "name", 
    "group_122": "name", 
    "group_123": "name", 
    "group_124": "name", 
    "group_125": "name", 
    "group_126": "name", 
    "group_127": "name", 
    "group_128": "name", 
    "group_129": "name", 
    "group_13": "entitat", 
    "group_130": "name", 
    "group_131": "name", 
    "group_132": "name", 
    "group_133": "name", 
    "group_134": "name", 
    "group_135": "name", 
    "group_136": "name", 
    "group_137": "name", 
    "group_138": "name", 
    "group_139": "name", 
    "group_14": "entitat", 
    "group_140": "name", 
    "group_141": "name", 
    "group_142": "name", 
    "group_143": "name", 
    "group_144": "name", 
    "group_145": "name", 
    "group_146": "name", 
    "group_147": "name", 
    "group_148": "name", 
    "group_149": "name", 
    "group_15": "entitat", 
    "group_150": "name", 
    "group_151": "name", 
    "group_152": "name", 
    "group_153": "name", 
    "group_154": "name", 
    "group_155": "name", 
    "group_156": "name", 
    "group_157": "name", 
    "group_158": "name", 
    "group_159": "name", 
    "group_16": "entitat", 
    "group_160": "name", 
    "group_161": "name", 
    "group_162": "name", 
    "group_163": "name", 
    "group_164": "name", 
    "group_165": "name", 
    "group_166": "name", 
    "group_167": "name", 
    "group_168": "name", 
    "group_169": "name", 
    "group_17": "entitat", 
    "group_170": "name", 
    "group_171": "name", 
    "group_172": "name", 
    "group_173": "name", 
    "group_174": "name", 
    "group_175": "name", 
    "group_176": "name", 
    "group_177": "name", 
    "group_178": "name", 
    "group_179": "name", 
    "group_18": "entitat", 
    "group_180": "name", 
    "group_181": "name", 
    "group_182": "name", 
    "group_183": "name", 
    "group_184": "name", 
    "group_185": "name", 
    "group_186": "name", 
    "group_187": "name", 
    "group_188": "name", 
    "group_189": "name", 
    "group_19": "entitat", 
    "group_190": "name", 
    "group_191": "name", 
    "group_192": "name", 
    "group_193": "name", 
    "group_194": "name", 
    "group_195": "name", 
    "group_196": "name", 
    "group_197": "name", 
    "group_198": "name", 
    "group_199": "name", 
    "group_2": "entitat", 
    "group_20": "entitat", 
    "group_200": "name", 
    "group_201": "name", 
    "group_202": "name", 
    "group_203": "name", 
    "group_204": "name", 
    "group_205": "name", 
    "group_206": "light", 
    "group_207": "color", 
    "group_208": "brightness", 
    "group_209": "cover", 
    "group_21": "entitat", 
    "group_210": "cover", 
    "group_22": "entitat", 
    "group_23": "entitat", 
    "group_24": "entitat", 
    "group_25": "entitat", 
    "group_26": "entitat", 
    "group_27": "entitat", 
    "group_28": "entitat", 
    "group_29": "entitat", 
    "group_3": "entitat", 
    "group_30": "entitat", 
    "group_31": "entitat", 
    "group_32": "entitat", 
    "group_33": "entitat", 
    "group_34": "entitat", 
    "group_35": "entitat", 
    "group_36": "entitat", 
    "group_37": "entitat", 
    "group_38": "entitat", 
    "group_39": "entitat", 
    "group_4": "entitat", 
    "group_40": "entitat", 
    "group_41": "entitat", 
    "group_42": "entitat", 
    "group_43": "entitat", 
    "group_44": "entitat", 
    "group_45": "entitat", 
    "group_46": "entitat", 
    "group_47": "entitat", 
    "group_48": "entitat", 
    "group_49": "entitat", 
    "group_5": "entitat", 
    "group_50": "entitat", 
    "group_51": "entitat", 
    "group_52": "entitat", 
    "group_53": "entitat", 
    "group_54": "entitat", 
    "group_55": "entitat", 
    "group_56": "entitat", 
    "group_57": "entitat", 
    "group_58": "entitat", 
    "group_59": "entitat", 
    "group_6": "entitat", 
    "group_60": "entitat", 
    "group_61": "entitat", 
    "group_62": "entitat", 
    "group_63": "entitat", 
    "group_64": "entitat", 
    "group_65": "entitat", 
    "group_66": "entitat", 
    "group_67": "entitat", 
    "group_68": "entitat", 
    "group_69": "entitat", 
    "group_7": "entitat", 
    "group_70": "entitat", 
    "group_71": "entitat", 
    "group_72": "entitat", 
    "group_73": "entitat", 
    "group_74": "entitat", 
    "group_75": "entitat", 
    "group_76": "entitat", 
    "group_77": "entitat", 
    "group_78": "entitat", 
    "group_79": "entitat", 
    "group_8": "entitat", 
    "group_80": "entitat", 
    "group_81": "entitat", 
    "group_82": "entitat", 
    "group_83": "entitat", 
    "group_84": "entitat", 
    "group_85": "entitat", 
    "group_86": "entitat", 
    "group_87": "entitat", 
    "group_88": "entitat", 
    "group_89": "entitat", 
    "group_9": "entitat", 
    "group_90": "entitat", 
    "group_91": "entitat", 
    "group_92": "entitat", 
    "group_93": "entitat", 
    "group_94": "entitat", 
    "group_95": "entitat", 
    "group_96": "entitat", 
    "group_97": "entitat", 
    "group_98": "entitat", 
    "group_99": "entitat"
  }, 
  "language_code": "de", 
  "patterns": {
    "hass:HassCloseCover": [
      "^\\s*schlie\u00dfe\\s*die\\s*(?P<group_209>%HASS_COVER%)\\s*$"
    ], 
    "hass:HassLightSet": [
      "^\\s*stellen\\s*sie\\s*das\\s*(?P<group_206>%HASS_LIGHT%)\\s*auf\\s*(?P<group_207>%FARBE%)\\s*und\\s*(?P<group_208>%SNIPSPERCENTAGE%)\\s*ein\\s*$"
    ], 
    "hass:HassOpenCover": [
      "^\\s*\u00f6ffne\\s*das\\s*(?P<group_210>%HASS_COVER%)\\s*$"
    ], 
    "hass:HassShoppingListAddItem": [
      "^\\s*f\u00fcge\\s*(?P<group_0>%ARTIKEL%)\\s*meiner\\s*einkaufsliste\\s*hinzu\\s*$"
    ], 
    "hass:HassShoppingListLastItems": [
      "^\\s*was\\s*ist\\s*bei\\s*mir\\s*shoppen\\s*beleuchtet\\s*$"
    ], 
    "hass:HassTurnOff": [
      "^\\s*setz\\s*die\\s*(?P<group_189>%HASS_ENTITY%)\\s*im\\s*keller\\s*aus\\s*$", 
      "^\\s*mach\\s*bitte\\s*den\\s*(?P<group_116>%HASS_ENTITY%)\\s*im\\s*wohnzimmer\\s*aus\\s*$", 
      "^\\s*aktiviere\\s*bitte\\s*die\\s*(?P<group_119>%HASS_ENTITY%)\\s*im\\s*kinderzimmer\\s*$", 
      "^\\s*schalten\\s*sie\\s*die\\s*(?P<group_152>%HASS_ENTITY%)\\s*im\\s*kinderzimmer\\s*aus\\s*$", 
      "^\\s*schalte\\s*(?P<group_110>%HASS_ENTITY%)\\s*im\\s*badezimmer\\s*aus\\s*$", 
      "^\\s*aktivier\\s*das\\s*(?P<group_195>%HASS_ENTITY%)\\s*in\\s*der\\s*halle\\s*$", 
      "^\\s*mach\\s*den\\s*(?P<group_115>%HASS_ENTITY%)\\s*im\\s*wohnzimmer\\s*aus\\s*$", 
      "^\\s*knipsen\\s*sie\\s*die\\s*(?P<group_168>%HASS_ENTITY%)\\s*in\\s*der\\s*halle\\s*im\\s*n\u00e4chsten\\s*jahr\\s*aus\\s*$", 
      "^\\s*bitte\\s*schicken\\s*sie\\s*den\\s*(?P<group_134>%HASS_ENTITY%)\\s*ins\\s*esszimmer\\s*$", 
      "^\\s*schalte\\s*die\\s*(?P<group_175>%HASS_ENTITY%)\\s*im\\s*schlafzimmer\\s*aus\\s*$", 
      "^\\s*ich\\s*m\u00f6chte\\s*dass\\s*du\\s*das\\s*(?P<group_137>%HASS_ENTITY%)\\s*im\\s*schlafzimmer\\s*ausschaltest\\s*$", 
      "^\\s*den\\s*(?P<group_163>%HASS_ENTITY%)\\s*in\\s*der\\s*garage\\s*ausschalten\\s*$", 
      "^\\s*die\\s*(?P<group_162>%HASS_ENTITY%)\\s*im\\s*g\u00e4stezimmer\\s*ausstellen\\s*$", 
      "^\\s*setz\\s*die\\s*(?P<group_130>%HASS_ENTITY%)\\s*ab\\s*null\\s*uhr\\s*in\\s*der\\s*toilette\\s*in\\s*gausg\\s*$", 
      "^\\s*schalten\\s*sie\\s*den\\s*(?P<group_188>%HASS_ENTITY%)\\s*in\\s*der\\s*k\u00fcche\\s*aus\\s*$", 
      "^\\s*schalte\\s*das\\s*(?P<group_187>%HASS_ENTITY%)\\s*im\\s*speisesaal\\s*aus\\s*$", 
      "^\\s*das\\s*(?P<group_131>%HASS_ENTITY%)\\s*im\\s*badezimmer\\s*am\\s*zw\u00f6lf\\s*achttausendzweihundertdrei\\s*null\\s*um\\s*dreizehn\\s*uhr\\s*ausschalten\\s*$", 
      "^\\s*ich\\s*m\u00f6chte\\s*das\\s*(?P<group_132>%HASS_ENTITY%)\\s*im\\s*keller\\s*um\\s*halb\\s*vier\\s*ausstellen\\s*$", 
      "^\\s*schalten\\s*sie\\s*den\\s*(?P<group_196>%HASS_ENTITY%)\\s*im\\s*haus\\s*aus\\s*$", 
      "^\\s*bitte\\s*stell\\s*die\\s*(?P<group_181>%HASS_ENTITY%)\\s*im\\s*auto\\s*f\u00fcr\\s*mich\\s*aus\\s*$", 
      "^\\s*schalte\\s*die\\s*(?P<group_111>%HASS_ENTITY%)\\s*in\\s*der\\s*k\u00fcche\\s*aus\\s*$", 
      "^\\s*das\\s*(?P<group_124>%HASS_ENTITY%)\\s*auf\\s*dem\\s*balkon\\s*ausmachen\\s*$", 
      "^\\s*schalte\\s*im\\s*schlafzimmer\\s*die\\s*(?P<group_151>%HASS_ENTITY%)\\s*aus\\s*$", 
      "^\\s*schalte\\s*alle\\s*(?P<group_199>%HASS_ENTITY%)\\s*aus\\s*$", 
      "^\\s*aktiviere\\s*die\\s*(?P<group_109>%HASS_ENTITY%)\\s*im\\s*kinderzimmer\\s*$", 
      "^\\s*mach\\s*die\\s*(?P<group_114>%HASS_ENTITY%)\\s*in\\s*der\\s*k\u00fcche\\s*aus\\s*$", 
      "^\\s*bitte\\s*schalten\\s*sie\\s*den\\s*(?P<group_174>%HASS_ENTITY%)\\s*in\\s*meinem\\s*schlafzimmer\\s*aus\\s*$", 
      "^\\s*bitte\\s*im\\s*ersten\\s*stock\\s*das\\s*licht\\s*jetzt\\s*ausknipsen\\s*$", 
      "^\\s*schalt\\s*die\\s*(?P<group_142>%HASS_ENTITY%)\\s*im\\s*treibhaus\\s*aus\\s*$", 
      "^\\s*die\\s*(?P<group_170>%HASS_ENTITY%)\\s*im\\s*b\u00fcro\\s*bitte\\s*in\\s*betrieb\\s*setzen\\s*$", 
      "^\\s*mach\\s*das\\s*(?P<group_205>%HASS_ENTITY%)\\s*aus\\s*$", 
      "^\\s*alle\\s*(?P<group_202>%HASS_ENTITY%)\\s*aus\\s*$", 
      "^\\s*schalte\\s*das\\s*(?P<group_104>%HASS_ENTITY%)\\s*im\\s*wohnzimmer\\s*aus\\s*$", 
      "^\\s*schalte\\s*bitte\\s*die\\s*(?P<group_117>%HASS_ENTITY%)\\s*im\\s*arbeitszimmer\\s*aus\\s*$", 
      "^\\s*aktivieren\\s*sie\\s*die\\s*(?P<group_169>%HASS_ENTITY%)\\s*im\\s*dachboden\\s*$", 
      "^\\s*ich\\s*m\u00f6chte\\s*die\\s*(?P<group_186>%HASS_ENTITY%)\\s*in\\s*der\\s*halle\\s*aktivieren\\s*$", 
      "^\\s*stell\\s*die\\s*(?P<group_138>%HASS_ENTITY%)\\s*im\\s*schlafzimmer\\s*aus\\s*$", 
      "^\\s*bitte\\s*schalten\\s*sie\\s*das\\s*(?P<group_166>%HASS_ENTITY%)\\s*aus\\s*in\\s*der\\s*k\u00fcche\\s*$", 
      "^\\s*bitte\\s*schalten\\s*sie\\s*im\\s*arbeitszimmer\\s*den\\s*(?P<group_161>%HASS_ENTITY%)\\s*aus\\s*$", 
      "^\\s*ich\\s*erwarte\\s*von\\s*dir\\s*dass\\s*du\\s*im\\s*schlafzimmer\\s*mein\\s*(?P<group_120>%HASS_ENTITY%)\\s*ausschaltest\\s*$", 
      "^\\s*schick\\s*den\\s*(?P<group_141>%HASS_ENTITY%)\\s*um\\s*zwei\\s*uhr\\s*in\\s*den\\s*keller\\s*$", 
      "^\\s*aktivieren\\s*sie\\s*im\\s*haus\\s*das\\s*(?P<group_158>%HASS_ENTITY%)\\s*$", 
      "^\\s*aktivier\\s*die\\s*(?P<group_149>%HASS_ENTITY%)\\s*im\\s*b\u00fcro\\s*$", 
      "^\\s*die\\s*(?P<group_156>%HASS_ENTITY%)\\s*im\\s*gauszen\\s*haus\\s*in\\s*betrieb\\s*setzen\\s*$", 
      "^\\s*den\\s*(?P<group_167>%HASS_ENTITY%)\\s*ausschalten\\s*im\\s*wohnzimmer\\s*$", 
      "^\\s*stell\\s*im\\s*haus\\s*die\\s*(?P<group_147>%HASS_ENTITY%)\\s*aus\\s*$", 
      "^\\s*(?P<group_150>%HASS_ENTITY%)\\s*in\\s*der\\s*k\u00fcche\\s*aussetzen\\s*$", 
      "^\\s*die\\s*(?P<group_191>%HASS_ENTITY%)\\s*im\\s*g\u00e4stezimmer\\s*ausschalten\\s*$", 
      "^\\s*ich\\s*m\u00f6chte\\s*den\\s*(?P<group_185>%HASS_ENTITY%)\\s*im\\s*schlafzimmer\\s*ausschalten\\s*$", 
      "^\\s*mach\\s*im\\s*gartenhaus\\s*die\\s*(?P<group_126>%HASS_ENTITY%)\\s*aus\\s*$", 
      "^\\s*die\\s*(?P<group_128>%HASS_ENTITY%)\\s*im\\s*erdgeschoss\\s*in\\s*drei\\s*minuten\\s*aufmachen\\s*$", 
      "^\\s*drehen\\s*sie\\s*im\\s*garten\\s*bitte\\s*die\\s*(?P<group_122>%HASS_ENTITY%)\\s*in\\s*drei\\s*tagen\\s*aus\\s*$", 
      "^\\s*schalten\\s*sie\\s*die\\s*(?P<group_176>%HASS_ENTITY%)\\s*im\\s*keller\\s*aus\\s*$", 
      "^\\s*den\\s*(?P<group_182>%HASS_ENTITY%)\\s*im\\s*dachboden\\s*saugen\\s*lassen\\s*$", 
      "^\\s*stell\\s*die\\s*(?P<group_184>%HASS_ENTITY%)\\s*in\\s*der\\s*k\u00fcche\\s*aus\\s*$", 
      "^\\s*schicken\\s*sie\\s*den\\s*(?P<group_171>%HASS_ENTITY%)\\s*ins\\s*badezimmer\\s*$", 
      "^\\s*den\\s*(?P<group_192>%HASS_ENTITY%)\\s*in\\s*der\\s*k\u00fcche\\s*ausschalten\\s*$", 
      "^\\s*schalte\\s*die\\s*(?P<group_198>%HASS_ENTITY%)\\s*im\\s*ganzen\\s*haus\\s*aus\\s*$", 
      "^\\s*schalt\\s*den\\s*(?P<group_164>%HASS_ENTITY%)\\s*auf\\s*dem\\s*regal\\s*aus\\s*$", 
      "^\\s*die\\s*(?P<group_177>%HASS_ENTITY%)\\s*im\\s*keller\\s*ausstellen\\s*$", 
      "^\\s*schalte\\s*die\\s*(?P<group_108>%HASS_ENTITY%)\\s*im\\s*arbeitszimmer\\s*aus\\s*$", 
      "^\\s*stell\\s*die\\s*(?P<group_179>%HASS_ENTITY%)\\s*jetzt\\s*im\\s*badezimmer\\s*aus\\s*$", 
      "^\\s*schalt\\s*die\\s*(?P<group_194>%HASS_ENTITY%)\\s*im\\s*kinderzimmer\\s*aus\\s*$", 
      "^\\s*schalte\\s*die\\s*(?P<group_148>%HASS_ENTITY%)\\s*im\\s*keller\\s*aus\\s*$", 
      "^\\s*(?P<group_178>%HASS_ENTITY%)\\s*im\\s*flur\\s*ausknipsen\\s*$", 
      "^\\s*schalt\\s*den\\s*(?P<group_157>%HASS_ENTITY%)\\s*im\\s*wohnzimmer\\s*aus\\s*$", 
      "^\\s*schalten\\s*sie\\s*die\\s*(?P<group_144>%HASS_ENTITY%)\\s*im\\s*dachboden\\s*um\\s*zehn\\s*uhr\\s*aus\\s*$", 
      "^\\s*schalt\\s*den\\s*(?P<group_133>%HASS_ENTITY%)\\s*in\\s*der\\s*werkstatt\\s*aus\\s*$", 
      "^\\s*schalte\\s*das\\s*(?P<group_197>%HASS_ENTITY%)\\s*\u00fcberall\\s*aus\\s*$", 
      "^\\s*schalte\\s*die\\s*(?P<group_107>%HASS_ENTITY%)\\s*im\\s*wohnzimmer\\s*aus\\s*$", 
      "^\\s*bitte\\s*aktivieren\\s*sie\\s*die\\s*(?P<group_153>%HASS_ENTITY%)\\s*in\\s*der\\s*k\u00fcche\\s*$", 
      "^\\s*ich\\s*m\u00f6chte\\s*die\\s*(?P<group_172>%HASS_ENTITY%)\\s*in\\s*meinem\\s*schlafzimmer\\s*ausstellen\\s*$", 
      "^\\s*bitte\\s*schicken\\s*sie\\s*den\\s*(?P<group_165>%HASS_ENTITY%)\\s*in\\s*die\\s*waschk\u00fcche\\s*$", 
      "^\\s*stellen\\s*sie\\s*die\\s*(?P<group_135>%HASS_ENTITY%)\\s*im\\s*wohnzimmer\\s*ausfausg\\s*september\\s*aus\\s*$", 
      "^\\s*ich\\s*m\u00f6chte\\s*dass\\s*du\\s*die\\s*(?P<group_121>%HASS_ENTITY%)\\s*im\\s*flur\\s*heute\\s*nachmittag\\s*ausdrehst\\s*$", 
      "^\\s*die\\s*(?P<group_127>%HASS_ENTITY%)\\s*in\\s*der\\s*waschk\u00fcche\\s*ausschalten\\s*$", 
      "^\\s*setz\\s*die\\s*(?P<group_183>%HASS_ENTITY%)\\s*im\\s*keller\\s*in\\s*betrieb\\s*$", 
      "^\\s*(?P<group_160>%HASS_ENTITY%)\\s*im\\s*dachboden\\s*ausstellen\\s*$", 
      "^\\s*ich\\s*m\u00f6chte\\s*im\\s*flur\\s*den\\s*(?P<group_155>%HASS_ENTITY%)\\s*ausstellen\\s*$", 
      "^\\s*die\\s*(?P<group_145>%HASS_ENTITY%)\\s*im\\s*ausgausg\\s*in\\s*betrieb\\s*setzen\\s*$", 
      "^\\s*schalte\\s*die\\s*(?P<group_113>%HASS_ENTITY%)\\s*auf\\s*dem\\s*balkon\\s*aus\\s*$", 
      "^\\s*(?P<group_201>%HASS_ENTITY%)\\s*aus\\s*\u00fcberall\\s*$", 
      "^\\s*setz\\s*den\\s*(?P<group_190>%HASS_ENTITY%)\\s*in\\s*meinem\\s*schlafzimmer\\s*aus\\s*$", 
      "^\\s*mache\\s*den\\s*(?P<group_203>%HASS_ENTITY%)\\s*aus\\s*$", 
      "^\\s*aktiviere\\s*die\\s*(?P<group_136>%HASS_ENTITY%)\\s*im\\s*zweiten\\s*stock\\s*in\\s*der\\s*nacht\\s*um\\s*vier\\s*$", 
      "^\\s*aktiviere\\s*die\\s*(?P<group_112>%HASS_ENTITY%)\\s*in\\s*der\\s*k\u00fcche\\s*$", 
      "^\\s*mache\\s*bitte\\s*as\\s*(?P<group_118>%HASS_ENTITY%)\\s*auf\\s*dem\\s*balkon\\s*aus\\s*$", 
      "^\\s*schalte\\s*die\\s*(?P<group_180>%HASS_ENTITY%)\\s*in\\s*der\\s*garage\\s*aus\\s*$", 
      "^\\s*ich\\s*brauche\\s*dich\\s*um\\s*das\\s*(?P<group_143>%HASS_ENTITY%)\\s*in\\s*der\\s*werkstatt\\s*am\\s*samstag\\s*auszuschalten\\s*$", 
      "^\\s*mach\\s*das\\s*(?P<group_125>%HASS_ENTITY%)\\s*im\\s*haus\\s*aus\\s*$", 
      "^\\s*das\\s*(?P<group_129>%HASS_ENTITY%)\\s*in\\s*der\\s*garage\\s*automatisch\\s*aufmachen\\s*$", 
      "^\\s*schalte\\s*den\\s*(?P<group_204>%HASS_ENTITY%)\\s*im\\s*wohnzimmer\\s*aus\\s*$", 
      "^\\s*die\\s*(?P<group_146>%HASS_ENTITY%)\\s*im\\s*flur\\s*ausstellen\\s*$", 
      "^\\s*aktivieren\\s*sie\\s*den\\s*(?P<group_139>%HASS_ENTITY%)\\s*im\\s*zweiten\\s*stock\\s*um\\s*acht\\s*sechsundvierzig\\s*siebzehn\\s*$", 
      "^\\s*stellen\\s*sie\\s*das\\s*(?P<group_159>%HASS_ENTITY%)\\s*in\\s*der\\s*waschk\u00fcche\\s*aus\\s*$", 
      "^\\s*schalte\\s*im\\s*keller\\s*die\\s*(?P<group_154>%HASS_ENTITY%)\\s*aus\\s*$", 
      "^\\s*schalte\\s*\u00fcberall\\s*die\\s*(?P<group_200>%HASS_ENTITY%)\\s*aus\\s*$", 
      "^\\s*schalte\\s*das\\s*(?P<group_106>%HASS_ENTITY%)\\s*auf\\s*dem\\s*balkon\\s*aus\\s*$", 
      "^\\s*k\u00f6nnen\\s*sie\\s*bitte\\s*den\\s*(?P<group_140>%HASS_ENTITY%)\\s*im\\s*wohnzimmer\\s*f\u00fcr\\s*mitternacht\\s*ausstellen\\s*$", 
      "^\\s*ich\\s*m\u00f6chte\\s*die\\s*(?P<group_173>%HASS_ENTITY%)\\s*im\\s*kinderzimmer\\s*ausstellen\\s*$"
    ], 
    "hass:HassTurnOn": [
      "^\\s*schalte\\s*das\\s*(?P<group_1>%HASS_ENTITY%)\\s*im\\s*wohnzimmer\\s*ein\\s*$", 
      "^\\s*mache\\s*den\\s*(?P<group_101>%HASS_ENTITY%)\\s*an\\s*$", 
      "^\\s*(?P<group_99>%HASS_ENTITY%)\\s*an\\s*\u00fcberall\\s*$", 
      "^\\s*aktivieren\\s*sie\\s*im\\s*haus\\s*das\\s*(?P<group_55>%HASS_ENTITY%)\\s*$", 
      "^\\s*schalte\\s*alle\\s*(?P<group_97>%HASS_ENTITY%)\\s*an\\s*$", 
      "^\\s*die\\s*(?P<group_67>%HASS_ENTITY%)\\s*im\\s*b\u00fcro\\s*bitte\\s*in\\s*betrieb\\s*setzen\\s*$", 
      "^\\s*mach\\s*bitte\\s*den\\s*(?P<group_13>%HASS_ENTITY%)\\s*im\\s*wohnzimmer\\s*an\\s*$", 
      "^\\s*die\\s*(?P<group_25>%HASS_ENTITY%)\\s*im\\s*erdgeschoss\\s*in\\s*drei\\s*minuten\\s*aufmachen\\s*$", 
      "^\\s*den\\s*(?P<group_90>%HASS_ENTITY%)\\s*im\\s*wohnzimmer\\s*aktivieren\\s*$", 
      "^\\s*schalt\\s*die\\s*(?P<group_39>%HASS_ENTITY%)\\s*im\\s*treibhaus\\s*ein\\s*$", 
      "^\\s*schalte\\s*die\\s*(?P<group_96>%HASS_ENTITY%)\\s*im\\s*ganzen\\s*haus\\s*an\\s*$", 
      "^\\s*ich\\s*m\u00f6chte\\s*das\\s*(?P<group_29>%HASS_ENTITY%)\\s*im\\s*keller\\s*um\\s*halb\\s*vier\\s*anstellen\\s*$", 
      "^\\s*die\\s*(?P<group_74>%HASS_ENTITY%)\\s*im\\s*keller\\s*anstellen\\s*$", 
      "^\\s*ich\\s*m\u00f6chte\\s*die\\s*(?P<group_69>%HASS_ENTITY%)\\s*in\\s*meinem\\s*schlafzimmer\\s*einstellen\\s*$", 
      "^\\s*stellen\\s*sie\\s*das\\s*(?P<group_56>%HASS_ENTITY%)\\s*in\\s*der\\s*waschk\u00fcche\\s*an\\s*$", 
      "^\\s*stellen\\s*sie\\s*die\\s*(?P<group_32>%HASS_ENTITY%)\\s*im\\s*wohnzimmer\\s*anfang\\s*september\\s*an\\s*$", 
      "^\\s*die\\s*(?P<group_43>%HASS_ENTITY%)\\s*im\\s*flur\\s*anstellen\\s*$", 
      "^\\s*das\\s*(?P<group_26>%HASS_ENTITY%)\\s*in\\s*der\\s*garage\\s*automatisch\\s*aufmachen\\s*$", 
      "^\\s*schalte\\s*die\\s*(?P<group_77>%HASS_ENTITY%)\\s*in\\s*der\\s*garage\\s*ein\\s*$", 
      "^\\s*aktiviere\\s*die\\s*(?P<group_6>%HASS_ENTITY%)\\s*im\\s*kinderzimmer\\s*$", 
      "^\\s*schalten\\s*sie\\s*den\\s*(?P<group_85>%HASS_ENTITY%)\\s*in\\s*der\\s*k\u00fcche\\s*ein\\s*$", 
      "^\\s*aktiviere\\s*bitte\\s*die\\s*(?P<group_16>%HASS_ENTITY%)\\s*im\\s*kinderzimmer\\s*$", 
      "^\\s*aktivieren\\s*sie\\s*die\\s*(?P<group_66>%HASS_ENTITY%)\\s*im\\s*dachboden\\s*$", 
      "^\\s*schicken\\s*sie\\s*den\\s*(?P<group_68>%HASS_ENTITY%)\\s*ins\\s*badezimmer\\s*$", 
      "^\\s*schalte\\s*im\\s*keller\\s*die\\s*(?P<group_51>%HASS_ENTITY%)\\s*ein\\s*$", 
      "^\\s*schalt\\s*den\\s*(?P<group_30>%HASS_ENTITY%)\\s*in\\s*der\\s*werkstatt\\s*ein\\s*$", 
      "^\\s*mache\\s*bitte\\s*as\\s*(?P<group_15>%HASS_ENTITY%)\\s*auf\\s*dem\\s*balkon\\s*an\\s*$", 
      "^\\s*ich\\s*m\u00f6chte\\s*den\\s*(?P<group_82>%HASS_ENTITY%)\\s*im\\s*schlafzimmer\\s*einschalten\\s*$", 
      "^\\s*bitte\\s*im\\s*ersten\\s*stock\\s*das\\s*licht\\s*jetzt\\s*anknipsen\\s*$", 
      "^\\s*schalte\\s*die\\s*(?P<group_5>%HASS_ENTITY%)\\s*im\\s*arbeitszimmer\\s*ein\\s*$", 
      "^\\s*mach\\s*im\\s*gartenhaus\\s*die\\s*(?P<group_23>%HASS_ENTITY%)\\s*an\\s*$", 
      "^\\s*den\\s*(?P<group_60>%HASS_ENTITY%)\\s*in\\s*der\\s*garage\\s*einschalten\\s*$", 
      "^\\s*(?P<group_57>%HASS_ENTITY%)\\s*im\\s*dachboden\\s*einstellen\\s*$", 
      "^\\s*schalten\\s*sie\\s*den\\s*(?P<group_94>%HASS_ENTITY%)\\s*im\\s*haus\\s*an\\s*$", 
      "^\\s*(?P<group_75>%HASS_ENTITY%)\\s*im\\s*flur\\s*anknipsen\\s*$", 
      "^\\s*ich\\s*m\u00f6chte\\s*dass\\s*du\\s*die\\s*(?P<group_18>%HASS_ENTITY%)\\s*im\\s*flur\\s*heute\\s*nachmittag\\s*andrehst\\s*$", 
      "^\\s*schalte\\s*die\\s*(?P<group_8>%HASS_ENTITY%)\\s*in\\s*der\\s*k\u00fcche\\s*ein\\s*$", 
      "^\\s*bitte\\s*schalten\\s*sie\\s*das\\s*(?P<group_63>%HASS_ENTITY%)\\s*an\\s*in\\s*der\\s*k\u00fcche\\s*$", 
      "^\\s*bitte\\s*schicken\\s*sie\\s*den\\s*(?P<group_62>%HASS_ENTITY%)\\s*in\\s*die\\s*waschk\u00fcche\\s*$", 
      "^\\s*schalt\\s*den\\s*(?P<group_54>%HASS_ENTITY%)\\s*im\\s*wohnzimmer\\s*ein\\s*$", 
      "^\\s*die\\s*(?P<group_24>%HASS_ENTITY%)\\s*in\\s*der\\s*waschk\u00fcche\\s*anschalten\\s*$", 
      "^\\s*aktivier\\s*die\\s*(?P<group_46>%HASS_ENTITY%)\\s*im\\s*b\u00fcro\\s*$", 
      "^\\s*mach\\s*das\\s*(?P<group_22>%HASS_ENTITY%)\\s*im\\s*haus\\s*an\\s*$", 
      "^\\s*bitte\\s*schalten\\s*sie\\s*im\\s*arbeitszimmer\\s*den\\s*(?P<group_58>%HASS_ENTITY%)\\s*ein\\s*$", 
      "^\\s*das\\s*(?P<group_21>%HASS_ENTITY%)\\s*auf\\s*dem\\s*balkon\\s*anmachen\\s*$", 
      "^\\s*drehen\\s*sie\\s*im\\s*garten\\s*bitte\\s*die\\s*(?P<group_19>%HASS_ENTITY%)\\s*in\\s*drei\\s*tagen\\s*an\\s*$", 
      "^\\s*k\u00f6nnen\\s*sie\\s*bitte\\s*den\\s*(?P<group_37>%HASS_ENTITY%)\\s*im\\s*wohnzimmer\\s*f\u00fcr\\s*mitternacht\\s*einstellen\\s*$", 
      "^\\s*ich\\s*m\u00f6chte\\s*im\\s*flur\\s*den\\s*(?P<group_52>%HASS_ENTITY%)\\s*einstellen\\s*$", 
      "^\\s*aktivier\\s*das\\s*(?P<group_92>%HASS_ENTITY%)\\s*in\\s*der\\s*halle\\s*$", 
      "^\\s*setz\\s*die\\s*(?P<group_27>%HASS_ENTITY%)\\s*ab\\s*null\\s*uhr\\s*in\\s*der\\s*toilette\\s*in\\s*gang\\s*$", 
      "^\\s*schalte\\s*das\\s*(?P<group_84>%HASS_ENTITY%)\\s*im\\s*speisesaal\\s*ein\\s*$", 
      "^\\s*bitte\\s*schicken\\s*sie\\s*den\\s*(?P<group_31>%HASS_ENTITY%)\\s*ins\\s*esszimmer\\s*$", 
      "^\\s*die\\s*(?P<group_42>%HASS_ENTITY%)\\s*im\\s*eingang\\s*in\\s*betrieb\\s*setzen\\s*$", 
      "^\\s*stell\\s*im\\s*haus\\s*die\\s*(?P<group_44>%HASS_ENTITY%)\\s*an\\s*$", 
      "^\\s*schalte\\s*das\\s*(?P<group_95>%HASS_ENTITY%)\\s*\u00fcberall\\s*an\\s*$", 
      "^\\s*schalten\\s*sie\\s*die\\s*(?P<group_49>%HASS_ENTITY%)\\s*im\\s*kinderzimmer\\s*ein\\s*$", 
      "^\\s*schalte\\s*im\\s*schlafzimmer\\s*die\\s*(?P<group_48>%HASS_ENTITY%)\\s*ein\\s*$", 
      "^\\s*stell\\s*die\\s*(?P<group_35>%HASS_ENTITY%)\\s*im\\s*schlafzimmer\\s*ein\\s*$", 
      "^\\s*schalte\\s*das\\s*(?P<group_3>%HASS_ENTITY%)\\s*auf\\s*dem\\s*balkon\\s*ein\\s*$", 
      "^\\s*ich\\s*m\u00f6chte\\s*die\\s*(?P<group_83>%HASS_ENTITY%)\\s*in\\s*der\\s*halle\\s*aktivieren\\s*$", 
      "^\\s*mach\\s*den\\s*(?P<group_12>%HASS_ENTITY%)\\s*im\\s*wohnzimmer\\s*an\\s*$", 
      "^\\s*den\\s*(?P<group_64>%HASS_ENTITY%)\\s*einschalten\\s*im\\s*wohnzimmer\\s*$", 
      "^\\s*schalte\\s*die\\s*(?P<group_72>%HASS_ENTITY%)\\s*im\\s*schlafzimmer\\s*an\\s*$", 
      "^\\s*stell\\s*die\\s*(?P<group_76>%HASS_ENTITY%)\\s*jetzt\\s*im\\s*badezimmer\\s*an\\s*$", 
      "^\\s*schalten\\s*sie\\s*die\\s*(?P<group_41>%HASS_ENTITY%)\\s*im\\s*dachboden\\s*um\\s*zehn\\s*uhr\\s*ein\\s*$", 
      "^\\s*aktiviere\\s*die\\s*(?P<group_9>%HASS_ENTITY%)\\s*in\\s*der\\s*k\u00fcche\\s*$", 
      "^\\s*die\\s*(?P<group_53>%HASS_ENTITY%)\\s*im\\s*ganzen\\s*haus\\s*in\\s*betrieb\\s*setzen\\s*$", 
      "^\\s*schalte\\s*(?P<group_7>%HASS_ENTITY%)\\s*im\\s*badezimmer\\s*ein\\s*$", 
      "^\\s*ich\\s*m\u00f6chte\\s*die\\s*(?P<group_70>%HASS_ENTITY%)\\s*im\\s*kinderzimmer\\s*anstellen\\s*$", 
      "^\\s*schick\\s*den\\s*(?P<group_38>%HASS_ENTITY%)\\s*um\\s*zwei\\s*uhr\\s*in\\s*den\\s*keller\\s*$", 
      "^\\s*bitte\\s*aktivieren\\s*sie\\s*die\\s*(?P<group_50>%HASS_ENTITY%)\\s*in\\s*der\\s*k\u00fcche\\s*$", 
      "^\\s*schalt\\s*die\\s*(?P<group_91>%HASS_ENTITY%)\\s*im\\s*kinderzimmer\\s*an\\s*$", 
      "^\\s*bitte\\s*schalten\\s*sie\\s*den\\s*(?P<group_71>%HASS_ENTITY%)\\s*in\\s*meinem\\s*schlafzimmer\\s*ein\\s*$", 
      "^\\s*stell\\s*die\\s*(?P<group_81>%HASS_ENTITY%)\\s*in\\s*der\\s*k\u00fcche\\s*an\\s*$", 
      "^\\s*mach\\s*das\\s*(?P<group_103>%HASS_ENTITY%)\\s*an\\s*$", 
      "^\\s*schalte\\s*das\\s*(?P<group_2>%HASS_ENTITY%)\\s*im\\s*arbeitszimmer\\s*ein\\s*$", 
      "^\\s*(?P<group_47>%HASS_ENTITY%)\\s*in\\s*der\\s*k\u00fcche\\s*einsetzen\\s*$", 
      "^\\s*schalte\\s*\u00fcberall\\s*die\\s*(?P<group_98>%HASS_ENTITY%)\\s*an\\s*$", 
      "^\\s*schalte\\s*die\\s*(?P<group_45>%HASS_ENTITY%)\\s*im\\s*keller\\s*ein\\s*$", 
      "^\\s*das\\s*(?P<group_28>%HASS_ENTITY%)\\s*im\\s*badezimmer\\s*am\\s*zw\u00f6lf\\s*achttausendzweihundertdrei\\s*null\\s*um\\s*dreizehn\\s*uhr\\s*einschalten\\s*$", 
      "^\\s*alle\\s*(?P<group_100>%HASS_ENTITY%)\\s*an\\s*$", 
      "^\\s*schalte\\s*die\\s*(?P<group_10>%HASS_ENTITY%)\\s*auf\\s*dem\\s*balkon\\s*ein\\s*$", 
      "^\\s*die\\s*(?P<group_59>%HASS_ENTITY%)\\s*im\\s*g\u00e4stezimmer\\s*anstellen\\s*$", 
      "^\\s*setz\\s*den\\s*(?P<group_87>%HASS_ENTITY%)\\s*in\\s*meinem\\s*schlafzimmer\\s*ein\\s*$", 
      "^\\s*ich\\s*m\u00f6chte\\s*dass\\s*du\\s*das\\s*(?P<group_34>%HASS_ENTITY%)\\s*im\\s*schlafzimmer\\s*einschaltest\\s*$", 
      "^\\s*schalte\\s*den\\s*(?P<group_102>%HASS_ENTITY%)\\s*im\\s*wohnzimmer\\s*an\\s*$", 
      "^\\s*ich\\s*erwarte\\s*von\\s*dir\\s*dass\\s*du\\s*im\\s*schlafzimmer\\s*mein\\s*(?P<group_17>%HASS_ENTITY%)\\s*einschaltest\\s*$", 
      "^\\s*schalte\\s*die\\s*(?P<group_4>%HASS_ENTITY%)\\s*im\\s*wohnzimmer\\s*ein\\s*$", 
      "^\\s*schalte\\s*bitte\\s*die\\s*(?P<group_14>%HASS_ENTITY%)\\s*im\\s*arbeitszimmer\\s*an\\s*$", 
      "^\\s*aktivieren\\s*sie\\s*den\\s*(?P<group_36>%HASS_ENTITY%)\\s*im\\s*zweiten\\s*stock\\s*um\\s*acht\\s*sechsundvierzig\\s*siebzehn\\s*$", 
      "^\\s*mach\\s*die\\s*(?P<group_11>%HASS_ENTITY%)\\s*in\\s*der\\s*k\u00fcche\\s*ein\\s*$", 
      "^\\s*den\\s*(?P<group_89>%HASS_ENTITY%)\\s*in\\s*der\\s*k\u00fcche\\s*anschalten\\s*$", 
      "^\\s*dreh\\s*im\\s*garten\\s*das\\s*(?P<group_20>%HASS_ENTITY%)\\s*am\\s*f\u00fcnfzehn\\s*august\\s*an\\s*$", 
      "^\\s*schalten\\s*sie\\s*die\\s*(?P<group_73>%HASS_ENTITY%)\\s*im\\s*keller\\s*ein\\s*$", 
      "^\\s*den\\s*(?P<group_79>%HASS_ENTITY%)\\s*im\\s*dachboden\\s*saugen\\s*lassen\\s*$", 
      "^\\s*schalten\\s*sie\\s*den\\s*(?P<group_93>%HASS_ENTITY%)\\s*im\\s*haus\\s*ein\\s*$", 
      "^\\s*knipsen\\s*sie\\s*die\\s*(?P<group_65>%HASS_ENTITY%)\\s*in\\s*der\\s*halle\\s*im\\s*n\u00e4chsten\\s*jahr\\s*an\\s*$", 
      "^\\s*ich\\s*brauche\\s*dich\\s*um\\s*das\\s*(?P<group_40>%HASS_ENTITY%)\\s*in\\s*der\\s*werkstatt\\s*am\\s*samstag\\s*einzuschalten\\s*$", 
      "^\\s*setz\\s*die\\s*(?P<group_80>%HASS_ENTITY%)\\s*im\\s*keller\\s*in\\s*betrieb\\s*$", 
      "^\\s*die\\s*(?P<group_88>%HASS_ENTITY%)\\s*im\\s*g\u00e4stezimmer\\s*einschalten\\s*$"
    ]
  }, 
  "slot_names_to_entities": {
    "hass:HassCloseCover": {
      "cover": "hass_cover"
    }, 
    "hass:HassLightSet": {
      "brightness": "snips/percentage", 
      "color": "farbe", 
      "light": "hass_light"
    }, 
    "hass:HassOpenCover": {
      "cover": "hass_cover"
    }, 
    "hass:HassShoppingListAddItem": {
      "artikel": "artikel"
    }, 
    "hass:HassShoppingListLastItems": {}, 
    "hass:HassTurnOff": {
      "name": "hass_entity"
    }, 
    "hass:HassTurnOn": {
      "entitat": "hass_entity"
    }
  }
}