{
  "config": {
    "max_pattern_length": 1000, 
    "max_queries": 100, 
    "unit_name": "deterministic_intent_parser"
  }, 
  "group_names_to_slot_names": {
    "group_0": "item", 
    "group_1": "name", 
    "group_10": "light", 
    "group_11": "color", 
    "group_12": "brightness", 
    "group_13": "light", 
    "group_14": "brightness", 
    "group_15": "light", 
    "group_16": "color", 
    "group_17": "brightness", 
    "group_18": "light", 
    "group_19": "color", 
    "group_2": "name", 
    "group_20": "brightness", 
    "group_21": "light", 
    "group_22": "color", 
    "group_23": "brightness", 
    "group_24": "hass_cover", 
    "group_25": "hass_cover", 
    "group_26": "hass_cover", 
    "group_27": "hass_cover", 
    "group_28": "cover", 
    "group_29": "cover", 
    "group_3": "light", 
    "group_4": "brightness", 
    "group_5": "light", 
    "group_6": "light", 
    "group_7": "brightness", 
    "group_8": "light", 
    "group_9": "brightness"
  }, 
  "language_code": "fr", 
  "patterns": {
    "hass:HassCloseCover": [
      "^\\s*fermez\\s*la\\s*(?P<group_27>%HASS_COVER%)\\s*$", 
      "^\\s*ferme\\s*la\\s*(?P<group_26>%HASS_COVER%)\\s*$", 
      "^\\s*ferme\\s*les\\s*(?P<group_25>%HASS_COVER%)\\s*$", 
      "^\\s*ferme\\s*le\\s*(?P<group_24>%HASS_COVER%)\\s*$"
    ], 
    "hass:HassLightSet": [
      "^\\s*change\\s*la\\s*luminosit\u00e9\\s*de\\s*la\\s*(?P<group_3>%HASS_LIGHT%)\\s*\u00e0\\s*(?P<group_4>%SNIPSPERCENTAGE%)\\s*$", 
      "^\\s*enclenche\\s*la\\s*(?P<group_13>%HASS_LIGHT%)\\s*\u00e0\\s*(?P<group_14>%SNIPSPERCENTAGE%)\\s*$", 
      "^\\s*r\u00e9glez\\s*la\\s*(?P<group_21>%HASS_LIGHT%)\\s*au\\s*(?P<group_22>%COLOR%)\\s*et\\s*(?P<group_23>%SNIPSPERCENTAGE%)\\s*$", 
      "^\\s*met\\s*la\\s*(?P<group_10>%HASS_LIGHT%)\\s*en\\s*(?P<group_11>%COLOR%)\\s*et\\s*\u00e0\\s*(?P<group_12>%SNIPSPERCENTAGE%)\\s*$", 
      "^\\s*change\\s*la\\s*(?P<group_15>%HASS_LIGHT%)\\s*en\\s*(?P<group_16>%COLOR%)\\s*et\\s*(?P<group_17>%SNIPSPERCENTAGE%)\\s*$", 
      "^\\s*r\u00e8gle\\s*la\\s*(?P<group_18>%HASS_LIGHT%)\\s*en\\s*(?P<group_19>%COLOR%)\\s*et\\s*(?P<group_20>%SNIPSPERCENTAGE%)\\s*$", 
      "^\\s*r\u00e8gle\\s*la\\s*luminosit\u00e9\\s*de\\s*la\\s*(?P<group_8>%HASS_LIGHT%)\\s*\u00e0\\s*(?P<group_9>%SNIPSPERCENTAGE%)\\s*$", 
      "^\\s*r\u00e8gle\\s*la\\s*(?P<group_5>%HASS_LIGHT%)\\s*de\\s*la\\s*(?P<group_6>%HASS_LIGHT%)\\s*\u00e0\\s*(?P<group_7>%SNIPSPERCENTAGE%)\\s*$"
    ], 
    "hass:HassOpenCover": [
      "^\\s*ouvre\\s*la\\s*(?P<group_29>%HASS_COVER%)\\s*$", 
      "^\\s*ouvre\\s*les\\s*(?P<group_28>%HASS_COVER%)\\s*$"
    ], 
    "hass:HassShoppingListAddItem": [
      "^\\s*ajouter\\s*de\\s*la\\s*(?P<group_0>%ITEM%)\\s*\u00e0\\s*ma\\s*liste\\s*de\\s*courses\\s*$"
    ], 
    "hass:HassShoppingListLastItems": [
      "^\\s*ce\\s*qui\\s*est\\s*sur\\s*mes\\s*courses\\s*allum\u00e9\\s*$"
    ], 
    "hass:HassTurnOff": [
      "^\\s*\u00e9teindre\\s*la\\s*(?P<group_2>%HASS_ENTITY%)\\s*$"
    ], 
    "hass:HassTurnOn": [
      "^\\s*allume\\s*la\\s*(?P<group_1>%HASS_ENTITY%)\\s*$"
    ]
  }, 
  "slot_names_to_entities": {
    "hass:HassCloseCover": {
      "hass_cover": "hass_cover"
    }, 
    "hass:HassLightSet": {
      "brightness": "snips/percentage", 
      "color": "color", 
      "light": "hass_light"
    }, 
    "hass:HassOpenCover": {
      "cover": "hass_cover"
    }, 
    "hass:HassShoppingListAddItem": {
      "item": "item"
    }, 
    "hass:HassShoppingListLastItems": {}, 
    "hass:HassTurnOff": {
      "name": "hass_entity"
    }, 
    "hass:HassTurnOn": {
      "name": "hass_entity"
    }
  }
}