{
  "config": {
    "max_pattern_length": 1000, 
    "max_queries": 100, 
    "unit_name": "deterministic_intent_parser"
  }, 
  "group_names_to_slot_names": {
    "group_0": "item", 
    "group_1": "name", 
    "group_10": "light", 
    "group_11": "color", 
    "group_12": "brightness", 
    "group_13": "light", 
    "group_14": "brightness", 
    "group_15": "light", 
    "group_16": "color", 
    "group_17": "brightness", 
    "group_18": "light", 
    "group_19": "color", 
    "group_2": "name", 
    "group_20": "brightness", 
    "group_21": "light", 
    "group_22": "color", 
    "group_23": "brightness", 
    "group_24": "hass_cover", 
    "group_25": "hass_cover", 
    "group_26": "hass_cover", 
    "group_27": "hass_cover", 
    "group_28": "cover", 
    "group_29": "cover", 
    "group_3": "light", 
    "group_4": "brightness", 
    "group_5": "light", 
    "group_6": "light", 
    "group_7": "brightness", 
    "group_8": "light", 
    "group_9": "brightness"
  }, 
  "language_code": "fr", 
  "patterns": {
    "hass:HassCloseCover": [
      "^\\s*ferme\\s*la\\s*(?P<group_26>rideaux\\s*de\\s*la\\s*salle\\s*a\\s*manger|rideaux\\s*de\\s*la\\s*salle\\s*\u00e0\\s*manger|rideau\\s*de\\s*la\\s*salle\\s*\u00e0\\s*manger|rideau\\s*de\\s*la\\s*salle\\s*a\\s*manger|stores\\s*du\\s*salon|porte\\s*du\\s*garage|porte\\s*de\\s*garage|store\\s*du\\s*salon)\\s*$", 
      "^\\s*ferme\\s*le\\s*(?P<group_24>rideaux\\s*de\\s*la\\s*salle\\s*a\\s*manger|rideaux\\s*de\\s*la\\s*salle\\s*\u00e0\\s*manger|rideau\\s*de\\s*la\\s*salle\\s*\u00e0\\s*manger|rideau\\s*de\\s*la\\s*salle\\s*a\\s*manger|stores\\s*du\\s*salon|porte\\s*du\\s*garage|porte\\s*de\\s*garage|store\\s*du\\s*salon)\\s*$", 
      "^\\s*fermez\\s*la\\s*(?P<group_27>rideaux\\s*de\\s*la\\s*salle\\s*a\\s*manger|rideaux\\s*de\\s*la\\s*salle\\s*\u00e0\\s*manger|rideau\\s*de\\s*la\\s*salle\\s*\u00e0\\s*manger|rideau\\s*de\\s*la\\s*salle\\s*a\\s*manger|stores\\s*du\\s*salon|porte\\s*du\\s*garage|porte\\s*de\\s*garage|store\\s*du\\s*salon)\\s*$", 
      "^\\s*ferme\\s*les\\s*(?P<group_25>rideaux\\s*de\\s*la\\s*salle\\s*a\\s*manger|rideaux\\s*de\\s*la\\s*salle\\s*\u00e0\\s*manger|rideau\\s*de\\s*la\\s*salle\\s*\u00e0\\s*manger|rideau\\s*de\\s*la\\s*salle\\s*a\\s*manger|stores\\s*du\\s*salon|porte\\s*du\\s*garage|porte\\s*de\\s*garage|store\\s*du\\s*salon)\\s*$"
    ], 
    "hass:HassLightSet": [], 
    "hass:HassOpenCover": [
      "^\\s*ouvre\\s*les\\s*(?P<group_28>rideaux\\s*de\\s*la\\s*salle\\s*a\\s*manger|rideaux\\s*de\\s*la\\s*salle\\s*\u00e0\\s*manger|rideau\\s*de\\s*la\\s*salle\\s*\u00e0\\s*manger|rideau\\s*de\\s*la\\s*salle\\s*a\\s*manger|stores\\s*du\\s*salon|porte\\s*du\\s*garage|porte\\s*de\\s*garage|store\\s*du\\s*salon)\\s*$", 
      "^\\s*ouvre\\s*la\\s*(?P<group_29>rideaux\\s*de\\s*la\\s*salle\\s*a\\s*manger|rideaux\\s*de\\s*la\\s*salle\\s*\u00e0\\s*manger|rideau\\s*de\\s*la\\s*salle\\s*\u00e0\\s*manger|rideau\\s*de\\s*la\\s*salle\\s*a\\s*manger|stores\\s*du\\s*salon|porte\\s*du\\s*garage|porte\\s*de\\s*garage|store\\s*du\\s*salon)\\s*$"
    ], 
    "hass:HassShoppingListAddItem": [
      "^\\s*ajouter\\s*de\\s*la\\s*(?P<group_0>biere|bi\u00e8re)\\s*\u00e0\\s*ma\\s*liste\\s*de\\s*courses\\s*$"
    ], 
    "hass:HassShoppingListLastItems": [
      "^\\s*ce\\s*qui\\s*est\\s*sur\\s*mes\\s*courses\\s*allum\u00e9\\s*$"
    ], 
    "hass:HassTurnOff": [
      "^\\s*\u00e9teindre\\s*la\\s*(?P<group_2>lumiere|lumi\u00e8re)\\s*$"
    ], 
    "hass:HassTurnOn": [
      "^\\s*allume\\s*la\\s*(?P<group_1>lumiere|lumi\u00e8re)\\s*$"
    ]
  }, 
  "slot_names_to_entities": {
    "hass:HassCloseCover": {
      "hass_cover": "hass_cover"
    }, 
    "hass:HassLightSet": {
      "brightness": "snips/percentage", 
      "color": "color", 
      "light": "hass_light"
    }, 
    "hass:HassOpenCover": {
      "cover": "hass_cover"
    }, 
    "hass:HassShoppingListAddItem": {
      "item": "item"
    }, 
    "hass:HassShoppingListLastItems": {}, 
    "hass:HassTurnOff": {
      "name": "hass_entity"
    }, 
    "hass:HassTurnOn": {
      "name": "hass_entity"
    }
  }, 
  "unit_name": "deterministic_intent_parser"
}