{
    "hass_light": {
        "vanilla": "239dbb29-261c-4e59-9af8-9e01f88e1abf.vanilla", 
        "added": "239dbb29-261c-4e59-9af8-9e01f88e1abf.added", 
        "pruningThresholds": [], 
        "ngram": true, 
        "order": 3
    }, 
    "artikel": {
        "vanilla": "93ba6d36-b7fa-425a-a458-f6688a1d1121.vanilla", 
        "added": "93ba6d36-b7fa-425a-a458-f6688a1d1121.added", 
        "pruningThresholds": [], 
        "ngram": true, 
        "order": 3
    }, 
    "farbe": {
        "vanilla": "085186fa-4df8-4024-9fa6-8317d3facb26.vanilla", 
        "added": "085186fa-4df8-4024-9fa6-8317d3facb26.added", 
        "pruningThresholds": [], 
        "ngram": true, 
        "order": 3
    }, 
    "snips/percentage": {
        "vanilla": "4a06b4f7-fa3d-4ec8-80b3-fef454ba70ce.vanilla", 
        "added": "4a06b4f7-fa3d-4ec8-80b3-fef454ba70ce.added", 
        "pruningThresholds": [], 
        "ngram": false, 
        "order": 0
    }, 
    "hass_cover": {
        "vanilla": "de2ce07d-7a40-48f4-8dff-7e95e80ca78b.vanilla", 
        "added": "de2ce07d-7a40-48f4-8dff-7e95e80ca78b.added", 
        "pruningThresholds": [], 
        "ngram": true, 
        "order": 3
    }, 
    "hass_entity": {
        "vanilla": "f0ec860f-af8a-4092-8dc2-604aabea740f.vanilla", 
        "added": "f0ec860f-af8a-4092-8dc2-604aabea740f.added", 
        "pruningThresholds": [], 
        "ngram": true, 
        "order": 3
    }
}