{
  "config": {
    "crf_args": {
      "algorithm": "lbfgs", 
      "c1": 0.1, 
      "c2": 0.1
    }, 
    "data_augmentation_config": {
      "add_builtin_entities_examples": false, 
      "capitalization_ratio": 0, 
      "min_utterances": 200
    }, 
    "feature_factory_configs": [
      {
        "args": {
          "common_words_gazetteer_name": "top_10000_words_stemmed", 
          "language_code": "en", 
          "n": 1, 
          "use_stemming": true
        }, 
        "factory_name": "ngram", 
        "offsets": [
          -2, 
          -1, 
          0, 
          1, 
          2
        ]
      }, 
      {
        "args": {
          "common_words_gazetteer_name": "top_10000_words_stemmed", 
          "language_code": "en", 
          "n": 2, 
          "use_stemming": true
        }, 
        "factory_name": "ngram", 
        "offsets": [
          -2, 
          1
        ]
      }, 
      {
        "args": {}, 
        "factory_name": "is_digit", 
        "offsets": [
          -1, 
          0, 
          1
        ]
      }, 
      {
        "args": {}, 
        "factory_name": "is_first", 
        "offsets": [
          -2, 
          -1, 
          0
        ]
      }, 
      {
        "args": {}, 
        "factory_name": "is_last", 
        "offsets": [
          0, 
          1, 
          2
        ]
      }, 
      {
        "args": {
          "language_code": "en", 
          "n": 1
        }, 
        "factory_name": "shape_ngram", 
        "offsets": [
          0
        ]
      }, 
      {
        "args": {
          "language_code": "en", 
          "n": 2
        }, 
        "factory_name": "shape_ngram", 
        "offsets": [
          -1, 
          0
        ]
      }, 
      {
        "args": {
          "language_code": "en", 
          "n": 3
        }, 
        "factory_name": "shape_ngram", 
        "offsets": [
          -1
        ]
      }, 
      {
        "args": {
          "collections": {
            "hass_entity": [
              "outsid light", 
              "all", 
              "kitchen pendant", 
              "bedroom light", 
              "laptop", 
              "studi floor lamp", 
              "fridg", 
              "radio", 
              "bedroom", 
              "test", 
              "studi tabl lamp", 
              "basement humidifier", 
              "cellar", 
              "studi switch", 
              "tv", 
              "live room tv", 
              "cellar light", 
              "fan", 
              "ceil light", 
              "live room lamp", 
              "rice cooker", 
              "bedroom fan", 
              "media player", 
              "bedroom fan", 
              "famili room chiller", 
              "dine room ceil", 
              "live room light", 
              "fan", 
              "offic pc", 
              "onice printer", 
              "bed light", 
              "live room radio", 
              "laptop", 
              "famili room chiller", 
              "basement floor lamp", 
              "bedroom lamp", 
              "tabl lamp", 
              "live room", 
              "electr blanket", 
              "hallway light", 
              "master bedroom tv", 
              "dine room", 
              "live room light", 
              "front door light", 
              "offic pc", 
              "garden tree light", 
              "printer", 
              "outdoor light", 
              "bed light", 
              "offic printer", 
              "studi lamp", 
              "cellar light", 
              "light", 
              "garag door switch", 
              "floor lamp", 
              "kitchen", 
              "outsid light", 
              "live room", 
              "bed", 
              "light", 
              "studi", 
              "ceil", 
              "christma tree light", 
              "kitchen light", 
              "laser printer", 
              "basement floor lamp", 
              "kitchen", 
              "studi light", 
              "dishwasher", 
              "onice printer", 
              "live room pendant", 
              "studi", 
              "wash machin", 
              "live room light", 
              "colour scanner", 
              "studi tabl lamp", 
              "christma tree light", 
              "bedroom", 
              "kitchen light", 
              "back door light", 
              "live room radio", 
              "porch light", 
              "ceil light", 
              "live room tv", 
              "light", 
              "hallway light", 
              "garag door switch", 
              "outsid light", 
              "studi lamp", 
              "live room", 
              "porch", 
              "bedroom lamp", 
              "electr blanket", 
              "live room light", 
              "boiler", 
              "live room fan", 
              "studi light", 
              "ceil", 
              "kitchen pendant", 
              "porch", 
              "live room pendant", 
              "basement switch", 
              "bed", 
              "basements light", 
              "switch", 
              "laser printer", 
              "live room lamp", 
              "basement humidifier", 
              "back door light", 
              "colour scanner", 
              "offic printer", 
              "master bedroom tv", 
              "dine room ceil", 
              "dine room", 
              "light", 
              "tabl lamp", 
              "tv", 
              "demo", 
              "toaster", 
              "dishwasher", 
              "media player", 
              "basements light", 
              "rice cooker", 
              "garden step light", 
              "in", 
              "kitchen light", 
              "cellar", 
              "live room fan", 
              "basement switch", 
              "wash machin", 
              "toaster", 
              "studi floor lamp", 
              "studi switch", 
              "garden step light", 
              "porch light", 
              "test", 
              "garden tree light", 
              "kitchen light", 
              "printer", 
              "bedroom light", 
              "studi pendant light", 
              "in", 
              "floor lamp", 
              "fridg", 
              "boiler", 
              "outsid light", 
              "outdoor light", 
              "all", 
              "demo", 
              "studi pendant light", 
              "switch", 
              "radio", 
              "studi light", 
              "front door light", 
              "studi light"
            ]
          }, 
          "language_code": "en", 
          "tagging_scheme_code": 2, 
          "use_stemming": true
        }, 
        "drop_out": 0.1, 
        "factory_name": "entity_match", 
        "offsets": [
          -2, 
          -1, 
          0
        ]
      }, 
      {
        "args": {
          "entity_labels": [
            "snips/amountOfMoney", 
            "snips/ordinal", 
            "snips/number", 
            "snips/duration", 
            "snips/percentage", 
            "snips/temperature", 
            "snips/datetime"
          ], 
          "language_code": "en", 
          "tagging_scheme_code": 1
        }, 
        "factory_name": "builtin_entity_match", 
        "offsets": [
          -2, 
          -1, 
          0
        ]
      }, 
      {
        "args": {
          "cluster_name": "brown_clusters", 
          "language_code": "en", 
          "use_stemming": false
        }, 
        "factory_name": "word_cluster", 
        "offsets": [
          -2, 
          -1, 
          0, 
          1
        ]
      }
    ], 
    "random_seed": null, 
    "tagging_scheme": 1, 
    "unit_name": "crf_slot_filler"
  }, 
  "crf_model_file": "modelzMf8yE.crfsuite", 
  "intent": "hass:HassTurnOff", 
  "language_code": "en", 
  "slot_name_mapping": {
    "name": "hass_entity"
  }, 
  "unit_name": "crf_slot_filler"
}