{
    "shopping_items": {
        "vanilla": "dfa8a2d6-e8b4-44eb-85b3-109277006c25.vanilla", 
        "added": "dfa8a2d6-e8b4-44eb-85b3-109277006c25.added", 
        "pruningThresholds": [], 
        "ngram": true, 
        "order": 3
    }, 
    "color": {
        "vanilla": "95cfcfb8-62e8-46ac-a286-9967939910dc.vanilla", 
        "added": "95cfcfb8-62e8-46ac-a286-9967939910dc.added", 
        "pruningThresholds": [], 
        "ngram": true, 
        "order": 3
    }, 
    "light": {
        "vanilla": "e5407c7d-f424-4458-8703-4897539df9dd.vanilla", 
        "added": "e5407c7d-f424-4458-8703-4897539df9dd.added", 
        "pruningThresholds": [], 
        "ngram": true, 
        "order": 3
    }, 
    "snips/percentage": {
        "vanilla": "46afdc14-610a-4d32-96cb-c1b3fa7b58ab.vanilla", 
        "added": "46afdc14-610a-4d32-96cb-c1b3fa7b58ab.added", 
        "pruningThresholds": [], 
        "ngram": false, 
        "order": 0
    }, 
    "hass_cover": {
        "vanilla": "313bb509-ffec-4628-9ce7-65a6b17e354c.vanilla", 
        "added": "313bb509-ffec-4628-9ce7-65a6b17e354c.added", 
        "pruningThresholds": [], 
        "ngram": true, 
        "order": 3
    }, 
    "hass_entity": {
        "vanilla": "0fa94ce5-c145-40e7-bb90-433cc578df14.vanilla", 
        "added": "0fa94ce5-c145-40e7-bb90-433cc578df14.added", 
        "pruningThresholds": [], 
        "ngram": true, 
        "order": 3
    }
}