{
  "config": {
    "crf_args": {
      "algorithm": "lbfgs", 
      "c1": 0.1, 
      "c2": 0.1
    }, 
    "data_augmentation_config": {
      "add_builtin_entities_examples": false, 
      "capitalization_ratio": 0, 
      "min_utterances": 200
    }, 
    "feature_factory_configs": [
      {
        "args": {
          "common_words_gazetteer_name": "top_10000_words_stemmed", 
          "language_code": "fr", 
          "n": 1, 
          "use_stemming": true
        }, 
        "factory_name": "ngram", 
        "offsets": [
          -2, 
          -1, 
          0, 
          1, 
          2
        ]
      }, 
      {
        "args": {
          "common_words_gazetteer_name": "top_10000_words_stemmed", 
          "language_code": "fr", 
          "n": 2, 
          "use_stemming": true
        }, 
        "factory_name": "ngram", 
        "offsets": [
          -2, 
          1
        ]
      }, 
      {
        "args": {}, 
        "factory_name": "is_digit", 
        "offsets": [
          -1, 
          0, 
          1
        ]
      }, 
      {
        "args": {}, 
        "factory_name": "is_first", 
        "offsets": [
          -2, 
          -1, 
          0
        ]
      }, 
      {
        "args": {}, 
        "factory_name": "is_last", 
        "offsets": [
          0, 
          1, 
          2
        ]
      }, 
      {
        "args": {
          "language_code": "fr", 
          "n": 1
        }, 
        "factory_name": "shape_ngram", 
        "offsets": [
          0
        ]
      }, 
      {
        "args": {
          "language_code": "fr", 
          "n": 2
        }, 
        "factory_name": "shape_ngram", 
        "offsets": [
          -1, 
          0
        ]
      }, 
      {
        "args": {
          "language_code": "fr", 
          "n": 3
        }, 
        "factory_name": "shape_ngram", 
        "offsets": [
          -1
        ]
      }, 
      {
        "args": {
          "collections": {
            "color": [
              "bleu", 
              "bleu", 
              "vert", 
              "roug", 
              "orange", 
              "roug", 
              "orange", 
              "vert"
            ], 
            "hass_light": [
              "lumiere de la chambr avoir couch", 
              "lumiere de la sall de bain", 
              "lumiere devoir jardin", 
              "lumiere de la chambr d amis", 
              "lumiere devoir porche", 
              "lumiere de la chambr d amis", 
              "lumiere de la chambr d amis", 
              "lumiere devoir salon", 
              "lumiere devoir sous sol", 
              "lumiere devoir jardin", 
              "lumiere parentale", 
              "lumiere devoir sous sol", 
              "lumiere de la chambr d amis", 
              "lumiere de la cuisin", 
              "luminosite", 
              "lumiere devoir salon", 
              "lumiere de la chambr damis", 
              "lumiere de escaliers", 
              "lumiere de la chambr damis", 
              "lumiere devoir sous sol", 
              "lumiere devoir soussol", 
              "lumiere parentale", 
              "lumiere", 
              "lumiere de la chambr avoir couch", 
              "lumiere de la chambr avoir couch", 
              "lumiere devoir jardin", 
              "lumiere de la cuisin", 
              "lumiere de escaliers", 
              "lumiere devoir sous sol", 
              "lumiere de la chambr d amis", 
              "lumiere de la cuisin", 
              "lumiere de la chambr d amis", 
              "lumiere", 
              "lumiere devoir salon", 
              "lumiere devoir garag", 
              "lumiere de la sall de bain", 
              "lumiere devoir porche", 
              "lumiere parentale", 
              "lumiere devoir garag", 
              "lumiere de la sall de bain", 
              "lumiere de la chambr d amis", 
              "lumiere de la chambr d amis", 
              "lumiere de la chambr d amis", 
              "lumiere", 
              "lumiere de escaliers", 
              "lumiere de la chambr d amis", 
              "lumiere devoir sous sol", 
              "lumiere devoir porche", 
              "lumiere parentale", 
              "lumiere de escaliers", 
              "luminosite", 
              "lumiere devoir sous sol", 
              "lumiere de la chambr d amis", 
              "lumiere", 
              "lumiere devoir sous sol", 
              "lumiere de la chambr damis", 
              "lumiere devoir sous sol", 
              "lumiere devoir garag", 
              "lumiere devoir garag", 
              "lumiere devoir jardin", 
              "lumiere devoir soussol", 
              "lumiere devoir soussol", 
              "lumiere devoir salon", 
              "lumiere de la chambr damis", 
              "lumiere de la chambr avoir couch", 
              "lumiere de la chambr d amis", 
              "lumiere de la sall de bain", 
              "lumiere de la cuisin", 
              "luminosite", 
              "lumiere devoir porche", 
              "lumiere devoir soussol", 
              "luminosite"
            ]
          }, 
          "language_code": "fr", 
          "tagging_scheme_code": 2, 
          "use_stemming": true
        }, 
        "drop_out": 0.1, 
        "factory_name": "entity_match", 
        "offsets": [
          -2, 
          -1, 
          0
        ]
      }, 
      {
        "args": {
          "entity_labels": [
            "snips/amountOfMoney", 
            "snips/ordinal", 
            "snips/number", 
            "snips/duration", 
            "snips/percentage", 
            "snips/temperature", 
            "snips/datetime"
          ], 
          "language_code": "fr", 
          "tagging_scheme_code": 1
        }, 
        "factory_name": "builtin_entity_match", 
        "offsets": [
          -2, 
          -1, 
          0
        ]
      }
    ], 
    "random_seed": null, 
    "tagging_scheme": 1, 
    "unit_name": "crf_slot_filler"
  }, 
  "crf_model_file": "modelYzhKG9.crfsuite", 
  "intent": "hass:HassLightSet", 
  "language_code": "fr", 
  "slot_name_mapping": {
    "brightness": "snips/percentage", 
    "color": "color", 
    "light": "hass_light"
  }, 
  "unit_name": "crf_slot_filler"
}