{
  "config": {
    "intent_parsers_configs": [
      {
        "max_pattern_length": 1000, 
        "max_queries": 100, 
        "unit_name": "deterministic_intent_parser"
      }, 
      {
        "intent_classifier_config": {
          "data_augmentation_config": {
            "add_builtin_entities_examples": false, 
            "min_utterances": 20, 
            "noise_factor": 5, 
            "unknown_word_prob": 0.2, 
            "unknown_words_replacement_string": "unknownword"
          }, 
          "featurizer_config": {
            "pvalue_threshold": 0.4, 
            "sublinear_tf": false, 
            "word_clusters_name": null
          }, 
          "random_seed": null, 
          "unit_name": "log_reg_intent_classifier"
        }, 
        "slot_filler_config": {
          "crf_args": {
            "algorithm": "lbfgs", 
            "c1": 0.1, 
            "c2": 0.1
          }, 
          "data_augmentation_config": {
            "add_builtin_entities_examples": false, 
            "capitalization_ratio": 0, 
            "min_utterances": 200
          }, 
          "feature_factory_configs": [
            {
              "args": {
                "common_words_gazetteer_name": "top_10000_words_stemmed", 
                "n": 1, 
                "use_stemming": true
              }, 
              "factory_name": "ngram", 
              "offsets": [
                -2, 
                -1, 
                0, 
                1, 
                2
              ]
            }, 
            {
              "args": {
                "common_words_gazetteer_name": "top_10000_words_stemmed", 
                "n": 2, 
                "use_stemming": true
              }, 
              "factory_name": "ngram", 
              "offsets": [
                -2, 
                1
              ]
            }, 
            {
              "args": {}, 
              "factory_name": "is_digit", 
              "offsets": [
                -1, 
                0, 
                1
              ]
            }, 
            {
              "args": {}, 
              "factory_name": "is_first", 
              "offsets": [
                -2, 
                -1, 
                0
              ]
            }, 
            {
              "args": {}, 
              "factory_name": "is_last", 
              "offsets": [
                0, 
                1, 
                2
              ]
            }, 
            {
              "args": {
                "n": 1
              }, 
              "factory_name": "shape_ngram", 
              "offsets": [
                0
              ]
            }, 
            {
              "args": {
                "n": 2
              }, 
              "factory_name": "shape_ngram", 
              "offsets": [
                -1, 
                0
              ]
            }, 
            {
              "args": {
                "n": 3
              }, 
              "factory_name": "shape_ngram", 
              "offsets": [
                -1
              ]
            }, 
            {
              "args": {
                "tagging_scheme_code": 2, 
                "use_stemming": true
              }, 
              "drop_out": 0.1, 
              "factory_name": "entity_match", 
              "offsets": [
                -2, 
                -1, 
                0
              ]
            }, 
            {
              "args": {
                "tagging_scheme_code": 1
              }, 
              "factory_name": "builtin_entity_match", 
              "offsets": [
                -2, 
                -1, 
                0
              ]
            }, 
            {
              "args": {
                "cluster_name": "brown_clusters", 
                "use_stemming": false
              }, 
              "factory_name": "word_cluster", 
              "offsets": [
                -2, 
                -1, 
                0, 
                1
              ]
            }
          ], 
          "random_seed": null, 
          "tagging_scheme": 1, 
          "unit_name": "crf_slot_filler"
        }, 
        "unit_name": "probabilistic_intent_parser"
      }
    ], 
    "unit_name": "nlu_engine"
  }, 
  "dataset_metadata": {
    "entities": {
      "color": {
        "automatically_extensible": true, 
        "utterances": {
          "Aqua": "Aqua", 
          "Blue": "Blue", 
          "Gray": "Gray", 
          "Green": "Green", 
          "Light Blue": "Light Blue", 
          "Light Green": "Light Green", 
          "Lime": "Lime", 
          "Maroon": "Maroon", 
          "Navy": "Navy", 
          "Olive": "Olive", 
          "Purple": "Purple", 
          "Red": "Red", 
          "Silver": "Silver", 
          "Teal": "Teal", 
          "White": "White", 
          "Yellow": "Yellow", 
          "aqua": "Aqua", 
          "blue": "Blue", 
          "gray": "Gray", 
          "green": "Green", 
          "light blue": "Light Blue", 
          "light green": "Light Green", 
          "lime": "Lime", 
          "maroon": "Maroon", 
          "navy": "Navy", 
          "olive": "Olive", 
          "purple": "Purple", 
          "red": "Red", 
          "silver": "Silver", 
          "teal": "Teal", 
          "white": "White", 
          "yellow": "Yellow"
        }
      }, 
      "hass_cover": {
        "automatically_extensible": false, 
        "utterances": {
          "Bedroom Window": "bedroom window", 
          "Bedroom Windows": "bedroom windows", 
          "Blinds": "blinds", 
          "Dining Room Blinds": "dining room blinds", 
          "Garage Door": "garage door", 
          "Hall Window": "hall window", 
          "Kitchen Window": "kitchen window", 
          "Kitchen Windows": "kitchen windows", 
          "Left Garage Door": "left garage door", 
          "Living Room Blinds": "living room blinds", 
          "Living Room Window": "living room window", 
          "Living Room Windows": "living room windows", 
          "Right Garage Door": "right garage door", 
          "Skylight": "skylight", 
          "bedroom window": "bedroom window", 
          "bedroom windows": "bedroom windows", 
          "blinds": "blinds", 
          "dining room blinds": "dining room blinds", 
          "garage door": "garage door", 
          "hall window": "hall window", 
          "kitchen window": "kitchen window", 
          "kitchen windows": "kitchen windows", 
          "left garage door": "left garage door", 
          "living room blinds": "living room blinds", 
          "living room window": "living room window", 
          "living room windows": "living room windows", 
          "right garage door": "right garage door", 
          "skylight": "skylight"
        }
      }, 
      "hass_entity": {
        "automatically_extensible": true, 
        "utterances": {
          "All": "all", 
          "Back Door Light": "back door light", 
          "Basement Floor Lamp": "basement floor lamp", 
          "Basement Humidifier": "basement humidifier", 
          "Basement Switch": "basement switch", 
          "Basements Lights": "basements lights", 
          "Bed": "bed", 
          "Bed Lights": "bed lights", 
          "Bedroom": "bedroom", 
          "Bedroom Fan": "bedroom fan", 
          "Bedroom Lamp": "bedroom lamp", 
          "Bedroom Lights": "bedroom lights", 
          "Boiler": "boiler", 
          "Ceiling": "ceiling", 
          "Ceiling Lights": "ceiling lights", 
          "Cellar": "cellar", 
          "Cellar Light": "cellar light", 
          "Christmas Tree Lights": "christmas tree lights", 
          "Colour Scanner": "colour scanner", 
          "Demo": "demo", 
          "Dining Room": "dining room", 
          "Dining Room Ceiling": "dining room ceiling", 
          "Dishwasher": "dishwasher", 
          "Electric Blanket": "electric blanket", 
          "Family Room Chiller": "family room chiller", 
          "Fan": "fan", 
          "Floor Lamp": "floor lamp", 
          "Fridge": "fridge", 
          "Front Door Light": "front door light", 
          "Garage Door Switch": "garage door switch", 
          "Garden Step Lights": "garden step lights", 
          "Garden Tree Lights": "garden tree lights", 
          "Hallway Lights": "hallway lights", 
          "In": "in", 
          "Kitchen": "kitchen", 
          "Kitchen Light": "kitchen light", 
          "Kitchen Lights": "kitchen lights", 
          "Kitchen Pendant": "kitchen pendant", 
          "Laptop": "laptop", 
          "Laser Printer": "laser printer", 
          "Light": "light", 
          "Lights": "lights", 
          "Lights In": "lights in", 
          "Living Room": "Living room", 
          "Living Room Fan": "living room fan", 
          "Living Room Lamp": "living room lamp", 
          "Living Room Light": "living room light", 
          "Living Room Lights": "living room lights", 
          "Living Room Pendant": "living room pendant", 
          "Living Room Radio": "living room radio", 
          "Living Room Tv": "living room tv", 
          "Living room": "Living room", 
          "Master Bedroom Tv": "master bedroom tv", 
          "Media Player": "media player", 
          "Office Pc": "office pc", 
          "Office Printer": "office printer", 
          "Onice Pc": "onice pc", 
          "Onice Printer": "onice printer", 
          "Outdoor Lights": "outdoor lights", 
          "Outside Light": "outside light", 
          "Outside Lights": "outside lights", 
          "Porch": "porch", 
          "Porch Light": "porch light", 
          "Printer": "printer", 
          "Radio": "radio", 
          "Rice Cooker": "rice cooker", 
          "Study": "study", 
          "Study Floor Lamp": "study floor lamp", 
          "Study Lamp": "study lamp", 
          "Study Light": "study light", 
          "Study Lights": "study lights", 
          "Study Pendant Light": "study pendant light", 
          "Study Switch": "study switch", 
          "Study Table Lamp": "study table lamp", 
          "Switch": "Switch", 
          "Table Lamp": "table lamp", 
          "Test": "test", 
          "Toaster": "toaster", 
          "Tv": "tv", 
          "Washing Machine": "washing machine", 
          "all": "all", 
          "back door light": "back door light", 
          "basement floor lamp": "basement floor lamp", 
          "basement humidifier": "basement humidifier", 
          "basement switch": "basement switch", 
          "basements lights": "basements lights", 
          "bed": "bed", 
          "bed lights": "bed lights", 
          "bedroom": "bedroom", 
          "bedroom fan": "bedroom fan", 
          "bedroom lamp": "bedroom lamp", 
          "bedroom lights": "bedroom lights", 
          "boiler": "boiler", 
          "ceiling": "ceiling", 
          "ceiling lights": "ceiling lights", 
          "cellar": "cellar", 
          "cellar light": "cellar light", 
          "christmas tree lights": "christmas tree lights", 
          "colour scanner": "colour scanner", 
          "demo": "demo", 
          "dining room": "dining room", 
          "dining room ceiling": "dining room ceiling", 
          "dishwasher": "dishwasher", 
          "electric blanket": "electric blanket", 
          "family room chiller": "family room chiller", 
          "fan": "fan", 
          "floor lamp": "floor lamp", 
          "fridge": "fridge", 
          "front door light": "front door light", 
          "garage door switch": "garage door switch", 
          "garden step lights": "garden step lights", 
          "garden tree lights": "garden tree lights", 
          "hallway lights": "hallway lights", 
          "in": "in", 
          "kitchen": "kitchen", 
          "kitchen light": "kitchen light", 
          "kitchen lights": "kitchen lights", 
          "kitchen pendant": "kitchen pendant", 
          "laptop": "laptop", 
          "laser printer": "laser printer", 
          "light": "light", 
          "lights": "lights", 
          "lights in": "lights in", 
          "living room": "Living room", 
          "living room fan": "living room fan", 
          "living room lamp": "living room lamp", 
          "living room light": "living room light", 
          "living room lights": "living room lights", 
          "living room pendant": "living room pendant", 
          "living room radio": "living room radio", 
          "living room tv": "living room tv", 
          "master bedroom tv": "master bedroom tv", 
          "media player": "media player", 
          "office pc": "office pc", 
          "office printer": "office printer", 
          "onice pc": "onice pc", 
          "onice printer": "onice printer", 
          "outdoor lights": "outdoor lights", 
          "outside light": "outside light", 
          "outside lights": "outside lights", 
          "porch": "porch", 
          "porch light": "porch light", 
          "printer": "printer", 
          "radio": "radio", 
          "rice cooker": "rice cooker", 
          "study": "study", 
          "study floor lamp": "study floor lamp", 
          "study lamp": "study lamp", 
          "study light": "study light", 
          "study lights": "study lights", 
          "study pendant light": "study pendant light", 
          "study switch": "study switch", 
          "study table lamp": "study table lamp", 
          "switch": "Switch", 
          "table lamp": "table lamp", 
          "test": "test", 
          "toaster": "toaster", 
          "tv": "tv", 
          "washing machine": "washing machine"
        }
      }, 
      "light": {
        "automatically_extensible": true, 
        "utterances": {
          "Basement Light": "basement light", 
          "Basement Lights": "basement lights", 
          "Bedroom Light": "bedroom light", 
          "Dining Room Light": "dining room light", 
          "Garden Light": "garden light", 
          "Kitchen Light": "kitchen light", 
          "Kitchen Lights": "kitchen lights", 
          "Light": "light", 
          "Living Room Lights": "living room lights", 
          "Outside Lights": "outside lights", 
          "Porch Light": "porch light", 
          "basement light": "basement light", 
          "basement lights": "basement lights", 
          "bedroom light": "bedroom light", 
          "dining room light": "dining room light", 
          "garden light": "garden light", 
          "kitchen light": "kitchen light", 
          "kitchen lights": "kitchen lights", 
          "light": "light", 
          "living room lights": "living room lights", 
          "outside lights": "outside lights", 
          "porch light": "porch light"
        }
      }, 
      "shopping_items": {
        "automatically_extensible": true, 
        "utterances": {
          "1000 Island": "thousand island", 
          "1000 island": "thousand island", 
          "Air Freshener": "air freshener", 
          "American Cheese": "american cheese", 
          "Angel Hair Pasta": "angel hair pasta", 
          "Anti Bacterial Soap": "anti-bacterial soap", 
          "Anti-Bacterial Soap": "anti-bacterial soap", 
          "AntiBacterial Soap": "anti-bacterial soap", 
          "Antiacid": "antiacid", 
          "Apple": "apple", 
          "Apple Juice": "apple juice", 
          "Apples": "apples", 
          "Applesauce": "applesauce", 
          "Asparagus": "asparagus", 
          "Bacon": "bacon", 
          "Baked Beans": "baked beans", 
          "Baking Powder": "baking powder", 
          "Baking Soda": "baking soda", 
          "Bananas": "bananas", 
          "Bandaids": "bandaids", 
          "Bannana": "bannana", 
          "Batteries": "batteries", 
          "Bbq Sauce": "bbq sauce", 
          "Beef": "beef", 
          "Beer": "beer", 
          "Berries": "berries", 
          "Biscuits": "biscuits", 
          "Bleach": "bleach", 
          "Blue Cheese": "blue cheese", 
          "Boneless Breast": "boneless breast", 
          "Bread": "bread", 
          "Breast With Bone": "breast with bone", 
          "Broccoli": "broccoli", 
          "Broom": "broom", 
          "Brown Sugar": "brown sugar", 
          "Brownie Mix": "brownie mix", 
          "Butter": "butter", 
          "Butter Beans": "butter beans", 
          "Cabbage": "cabbage", 
          "Cake Mix": "cake mix", 
          "Camera Film": "camera film", 
          "Cancy": "cancy", 
          "Candy": "candy", 
          "Cards": "cards", 
          "Carrots": "carrots", 
          "Cat Food": "cat food", 
          "Cat Litter": "cat litter", 
          "Cauliflower": "cauliflower", 
          "Celery": "celery", 
          "Celery Salt": "celery salt", 
          "Cereal": "cereal", 
          "Cheese": "cheese", 
          "Cherries": "cherries", 
          "Chicken": "chicken", 
          "Chicken  Rice Soup": "chicken and rice soup", 
          "Chicken & Rice Soup": "chicken and rice soup", 
          "Chicken And Rice Soup": "chicken and rice soup", 
          "Chicken Noodle Soup": "chicken noodle soup", 
          "Chicken Rice Soup": "chicken and rice soup", 
          "Chicken and Rice Soup": "chicken and rice soup", 
          "Chips": "chips", 
          "Chocolate": "chocolate", 
          "Chololate": "chololate", 
          "Chops": "chops", 
          "Cinnamon": "cinnamon", 
          "Cocoa": "cocoa", 
          "Coffee": "coffee", 
          "Coke": "coke", 
          "Cookies": "cookies", 
          "Cooking Spray": "cooking spray", 
          "Corn": "corn", 
          "Corn Tortillias": "corn tortillias", 
          "Corned Beef": "corned beef", 
          "Cornstarch": "cornstarch", 
          "Cottage Cheese": "cottage cheese", 
          "Cough Drops": "cough drops", 
          "Crabmeat": "crabmeat", 
          "Crackers": "crackers", 
          "Cream Cheese": "cream cheese", 
          "Cream Of Broccoli Soup": "cream of broccoli soup", 
          "Cream Of Celery Soup": "cream of celery soup", 
          "Cream Of Chicken Soup": "cream of chicken soup", 
          "Cream Of Mushroom Soup": "cream of mushroom soup", 
          "Creamer": "creamer", 
          "Deodorant": "deodorant", 
          "Diapers": "diapers", 
          "Diet Coke": "diet coke", 
          "Dinners": "dinners", 
          "Dishwasher Detergent": "dishwasher detergent", 
          "Dishwashing Soap": "dishwashing soap", 
          "Dog Food": "dog food", 
          "Dryer Sheets": "dryer sheets", 
          "Egg": "egg", 
          "Eggs": "eggs", 
          "Elbow Macaroni": "elbow macaroni", 
          "First Aid Cream": "first aid cream", 
          "Fish": "fish", 
          "Floss": "floss", 
          "Flour": "flour", 
          "Flour Tortillias": "flour tortillias", 
          "Foil": "foil", 
          "Formula": "formula", 
          "Freezer Bags": "freezer bags", 
          "French": "french", 
          "French Bread": "french bread", 
          "French Fries": "french fries", 
          "Frozen": "frozen", 
          "Frozen Peas": "frozen peas", 
          "Fruit": "fruit", 
          "Furniture Polish": "furniture polish", 
          "Garlic": "garlic", 
          "Garlic Powder": "garlic powder", 
          "Garlic Salt": "garlic salt", 
          "Ginger": "ginger", 
          "Glass Cleaner": "glass cleaner", 
          "Grapes": "grapes", 
          "Green Beans": "green beans", 
          "Green Chili": "green chili", 
          "Greenbeans": "greenbeans", 
          "Ground": "ground", 
          "Ham": "ham", 
          "Hamburger": "hamburger", 
          "Hamburger Buns": "hamburger buns", 
          "Honey": "honey", 
          "Horseradish": "horseradish", 
          "Hot Dog Buns": "hot dog buns", 
          "Hydrogen Peroxide": "hydrogen peroxide", 
          "Ice Cream": "ice cream", 
          "Iceberg Lettuce": "iceberg lettuce", 
          "Italian": "italian", 
          "Italian Bread": "italian bread", 
          "Jello": "jello", 
          "Jelly": "jelly", 
          "Juice": "juice", 
          "Ketchup": "ketchup", 
          "Kidney Beans": "kidney beans", 
          "Kitchen Bags": "kitchen bags", 
          "Lasagne Pasta": "lasagne pasta", 
          "Laundry Detergent": "laundry detergent", 
          "Legs": "legs", 
          "Lemons": "lemons", 
          "Lettuce": "lettuce", 
          "Light Bulbs": "light bulbs", 
          "Lime": "lime", 
          "Lotion": "lotion", 
          "Margarine": "margarine", 
          "Mayonnaise": "mayonnaise", 
          "Melons": "melons", 
          "Milk": "milk", 
          "Mixed Fruit": "mixed fruit", 
          "Mixed Vegetables": "mixed vegetables", 
          "Mop": "mop", 
          "Mountain Dew": "mountain dew", 
          "Mouthwash": "mouthwash", 
          "Muffins": "muffins", 
          "Mushrooms": "mushrooms", 
          "Mustard": "mustard", 
          "Nectarines": "nectarines", 
          "Noodles": "noodles", 
          "Nutmeg": "nutmeg", 
          "Nuts": "nuts", 
          "Oatmeal": "oatmeal", 
          "Oil": "oil", 
          "Olive Oil": "olive oil", 
          "Onion Powder": "onion powder", 
          "Onions": "onions", 
          "Orange": "orange", 
          "Orange Juice": "orange juice", 
          "Oranges": "oranges", 
          "Oregano": "oregano", 
          "Pain Reliever": "pain-reliever", 
          "Pain-Reliever": "pain-reliever", 
          "PainReliever": "pain-reliever", 
          "Pancake Mix": "pancake mix", 
          "Paper Towels": "paper towels", 
          "Paprika": "paprika", 
          "Parsley": "parsley", 
          "Pasta": "pasta", 
          "Peaches": "peaches", 
          "Peanut Butter": "peanut butter", 
          "Pears": "pears", 
          "Peas": "peas", 
          "Pepper": "pepper", 
          "Peppers": "peppers", 
          "Petroleum Jelly": "petroleum jelly", 
          "Pineapples": "pineapples", 
          "Pinto Beans": "pinto beans", 
          "Pizza": "pizza", 
          "Plastic Wrap": "plastic wrap", 
          "Plums": "plums", 
          "Pop": "pop", 
          "Popcorn": "popcorn", 
          "Porknbeans": "porknbeans", 
          "Potato": "potato", 
          "Potato Chips": "potato chips", 
          "Potatoes": "potatoes", 
          "Pretzels": "pretzels", 
          "Raisins": "raisins", 
          "Ranch": "ranch", 
          "Rash Cream": "rash cream", 
          "Razors": "razors", 
          "Refried Beans": "refried beans", 
          "Rice": "rice", 
          "Roast": "roast", 
          "Roast Beef": "roast beef", 
          "Rolls": "rolls", 
          "Romaine Lettuce": "romaine lettuce", 
          "Rotelle Pasta": "rotelle pasta", 
          "Rubbing Alcohol": "rubbing alcohol", 
          "Salmon": "salmon", 
          "Salsa": "salsa", 
          "Salt": "salt", 
          "Sandwich Bags": "sandwich bags", 
          "Sausage": "sausage", 
          "Scallops": "scallops", 
          "Scrub Brush": "scrub brush", 
          "Shampoo": "shampoo", 
          "Shaving Cream": "shaving cream", 
          "Shells Pasta": "shells pasta", 
          "Shrimp": "shrimp", 
          "Sliced Cheese": "sliced cheese", 
          "Smoked Turkey": "smoked turkey", 
          "Soap": "soap", 
          "Soda": "soda", 
          "Soft Drinks": "soft drinks", 
          "Soup": "soup", 
          "Sour Cream": "sour cream", 
          "Soy Sauce": "soy sauce", 
          "Spagetti": "spagetti", 
          "Spaghetti Pasta": "spaghetti pasta", 
          "Spaghetti Sauce": "spaghetti sauce", 
          "Spanish Rice": "spanish rice", 
          "Sponges": "sponges", 
          "Sports Drinks": "sports drinks", 
          "Sprite": "sprite", 
          "Squash": "squash", 
          "Steaks": "steaks", 
          "Storage Bags": "storage bags", 
          "Strawberries": "strawberries", 
          "String Beans": "string beans", 
          "Sugar": "sugar", 
          "Sweet Potato": "sweet potato", 
          "Syrup": "syrup", 
          "Tacos": "tacos", 
          "Tater Tots": "tater tots", 
          "Tea": "tea", 
          "Thousand Island": "thousand island", 
          "Tissue": "tissue", 
          "Toilet Bowl Cleaners": "toilet bowl cleaners", 
          "Toilet Paper": "toilet paper", 
          "Tomato": "tomato", 
          "Tomato Paste": "tomato paste", 
          "Tomato Sauce": "tomato sauce", 
          "Tomato Soup": "tomato soup", 
          "Tomatoes": "tomatoes", 
          "Toothbrush": "toothbrush", 
          "Toothpaste": "toothpaste", 
          "Tortilla Chips": "tortilla chips", 
          "Tortillas": "tortillas", 
          "Tortillias": "tortillias", 
          "Towels": "towels", 
          "Trash Bag": "trash bag", 
          "Tuna": "tuna", 
          "Turkey": "turkey", 
          "Vanilla Extract": "vanilla extract", 
          "Veal": "veal", 
          "Vegetable Beef Soup": "vegetable beef soup", 
          "Vegetable Chicken Soup": "vegetable chicken soup", 
          "Vegetable Oil": "vegetable oil", 
          "Vegetable Soup": "vegetable soup", 
          "Vegetables": "vegetables", 
          "Vemicelli Pasta": "vemicelli pasta", 
          "Vienna Sausage": "vienna sausage", 
          "Water": "water", 
          "Watermelon": "watermelon", 
          "Wheat Bread": "wheat bread", 
          "White Bread": "white bread", 
          "Whole Chicken": "whole chicken", 
          "Wine": "wine", 
          "Wings": "wings", 
          "Wipes": "wipes", 
          "Worcestershire": "worcestershire", 
          "Yard Bags": "yard bags", 
          "Yogurt": "yogurt", 
          "Zucchini": "zucchini", 
          "air freshener": "air freshener", 
          "american cheese": "american cheese", 
          "angel hair pasta": "angel hair pasta", 
          "anti bacterial soap": "anti-bacterial soap", 
          "anti-bacterial soap": "anti-bacterial soap", 
          "antiacid": "antiacid", 
          "antibacterial soap": "anti-bacterial soap", 
          "apple": "apple", 
          "apple juice": "apple juice", 
          "apples": "apples", 
          "applesauce": "applesauce", 
          "asparagus": "asparagus", 
          "bacon": "bacon", 
          "baked beans": "baked beans", 
          "baking powder": "baking powder", 
          "baking soda": "baking soda", 
          "bananas": "bananas", 
          "bandaids": "bandaids", 
          "bannana": "bannana", 
          "batteries": "batteries", 
          "bbq sauce": "bbq sauce", 
          "beef": "beef", 
          "beer": "beer", 
          "berries": "berries", 
          "biscuits": "biscuits", 
          "bleach": "bleach", 
          "blue cheese": "blue cheese", 
          "boneless breast": "boneless breast", 
          "bread": "bread", 
          "breast with bone": "breast with bone", 
          "broccoli": "broccoli", 
          "broom": "broom", 
          "brown sugar": "brown sugar", 
          "brownie mix": "brownie mix", 
          "butter": "butter", 
          "butter beans": "butter beans", 
          "cabbage": "cabbage", 
          "cake mix": "cake mix", 
          "camera film": "camera film", 
          "cancy": "cancy", 
          "candy": "candy", 
          "cards": "cards", 
          "carrots": "carrots", 
          "cat food": "cat food", 
          "cat litter": "cat litter", 
          "cauliflower": "cauliflower", 
          "celery": "celery", 
          "celery salt": "celery salt", 
          "cereal": "cereal", 
          "cheese": "cheese", 
          "cherries": "cherries", 
          "chicken": "chicken", 
          "chicken  rice soup": "chicken and rice soup", 
          "chicken & rice soup": "chicken and rice soup", 
          "chicken and rice soup": "chicken and rice soup", 
          "chicken noodle soup": "chicken noodle soup", 
          "chicken rice soup": "chicken and rice soup", 
          "chips": "chips", 
          "chocolate": "chocolate", 
          "chololate": "chololate", 
          "chops": "chops", 
          "cinnamon": "cinnamon", 
          "cocoa": "cocoa", 
          "coffee": "coffee", 
          "coke": "coke", 
          "cookies": "cookies", 
          "cooking spray": "cooking spray", 
          "corn": "corn", 
          "corn tortillias": "corn tortillias", 
          "corned beef": "corned beef", 
          "cornstarch": "cornstarch", 
          "cottage cheese": "cottage cheese", 
          "cough drops": "cough drops", 
          "crabmeat": "crabmeat", 
          "crackers": "crackers", 
          "cream cheese": "cream cheese", 
          "cream of broccoli soup": "cream of broccoli soup", 
          "cream of celery soup": "cream of celery soup", 
          "cream of chicken soup": "cream of chicken soup", 
          "cream of mushroom soup": "cream of mushroom soup", 
          "creamer": "creamer", 
          "deodorant": "deodorant", 
          "diapers": "diapers", 
          "diet coke": "diet coke", 
          "dinners": "dinners", 
          "dishwasher detergent": "dishwasher detergent", 
          "dishwashing soap": "dishwashing soap", 
          "dog food": "dog food", 
          "dryer sheets": "dryer sheets", 
          "egg": "egg", 
          "eggs": "eggs", 
          "elbow macaroni": "elbow macaroni", 
          "first aid cream": "first aid cream", 
          "fish": "fish", 
          "floss": "floss", 
          "flour": "flour", 
          "flour tortillias": "flour tortillias", 
          "foil": "foil", 
          "formula": "formula", 
          "freezer bags": "freezer bags", 
          "french": "french", 
          "french bread": "french bread", 
          "french fries": "french fries", 
          "frozen": "frozen", 
          "frozen peas": "frozen peas", 
          "fruit": "fruit", 
          "furniture polish": "furniture polish", 
          "garlic": "garlic", 
          "garlic powder": "garlic powder", 
          "garlic salt": "garlic salt", 
          "ginger": "ginger", 
          "glass cleaner": "glass cleaner", 
          "grapes": "grapes", 
          "green beans": "green beans", 
          "green chili": "green chili", 
          "greenbeans": "greenbeans", 
          "ground": "ground", 
          "ham": "ham", 
          "hamburger": "hamburger", 
          "hamburger buns": "hamburger buns", 
          "honey": "honey", 
          "horseradish": "horseradish", 
          "hot dog buns": "hot dog buns", 
          "hydrogen peroxide": "hydrogen peroxide", 
          "ice cream": "ice cream", 
          "iceberg lettuce": "iceberg lettuce", 
          "italian": "italian", 
          "italian bread": "italian bread", 
          "jello": "jello", 
          "jelly": "jelly", 
          "juice": "juice", 
          "ketchup": "ketchup", 
          "kidney beans": "kidney beans", 
          "kitchen bags": "kitchen bags", 
          "lasagne pasta": "lasagne pasta", 
          "laundry detergent": "laundry detergent", 
          "legs": "legs", 
          "lemons": "lemons", 
          "lettuce": "lettuce", 
          "light bulbs": "light bulbs", 
          "lime": "lime", 
          "lotion": "lotion", 
          "margarine": "margarine", 
          "mayonnaise": "mayonnaise", 
          "melons": "melons", 
          "milk": "milk", 
          "mixed fruit": "mixed fruit", 
          "mixed vegetables": "mixed vegetables", 
          "mop": "mop", 
          "mountain dew": "mountain dew", 
          "mouthwash": "mouthwash", 
          "muffins": "muffins", 
          "mushrooms": "mushrooms", 
          "mustard": "mustard", 
          "nectarines": "nectarines", 
          "noodles": "noodles", 
          "nutmeg": "nutmeg", 
          "nuts": "nuts", 
          "oatmeal": "oatmeal", 
          "oil": "oil", 
          "olive oil": "olive oil", 
          "one thousand Island": "thousand island", 
          "one thousand island": "thousand island", 
          "onion powder": "onion powder", 
          "onions": "onions", 
          "orange": "orange", 
          "orange juice": "orange juice", 
          "oranges": "oranges", 
          "oregano": "oregano", 
          "pain reliever": "pain-reliever", 
          "pain-reliever": "pain-reliever", 
          "painreliever": "pain-reliever", 
          "pancake mix": "pancake mix", 
          "paper towels": "paper towels", 
          "paprika": "paprika", 
          "parsley": "parsley", 
          "pasta": "pasta", 
          "peaches": "peaches", 
          "peanut butter": "peanut butter", 
          "pears": "pears", 
          "peas": "peas", 
          "pepper": "pepper", 
          "peppers": "peppers", 
          "petroleum jelly": "petroleum jelly", 
          "pineapples": "pineapples", 
          "pinto beans": "pinto beans", 
          "pizza": "pizza", 
          "plastic wrap": "plastic wrap", 
          "plums": "plums", 
          "pop": "pop", 
          "popcorn": "popcorn", 
          "porknbeans": "porknbeans", 
          "potato": "potato", 
          "potato chips": "potato chips", 
          "potatoes": "potatoes", 
          "pretzels": "pretzels", 
          "raisins": "raisins", 
          "ranch": "ranch", 
          "rash cream": "rash cream", 
          "razors": "razors", 
          "refried beans": "refried beans", 
          "rice": "rice", 
          "roast": "roast", 
          "roast beef": "roast beef", 
          "rolls": "rolls", 
          "romaine lettuce": "romaine lettuce", 
          "rotelle pasta": "rotelle pasta", 
          "rubbing alcohol": "rubbing alcohol", 
          "salmon": "salmon", 
          "salsa": "salsa", 
          "salt": "salt", 
          "sandwich bags": "sandwich bags", 
          "sausage": "sausage", 
          "scallops": "scallops", 
          "scrub brush": "scrub brush", 
          "shampoo": "shampoo", 
          "shaving cream": "shaving cream", 
          "shells pasta": "shells pasta", 
          "shrimp": "shrimp", 
          "sliced cheese": "sliced cheese", 
          "smoked turkey": "smoked turkey", 
          "soap": "soap", 
          "soda": "soda", 
          "soft drinks": "soft drinks", 
          "soup": "soup", 
          "sour cream": "sour cream", 
          "soy sauce": "soy sauce", 
          "spagetti": "spagetti", 
          "spaghetti pasta": "spaghetti pasta", 
          "spaghetti sauce": "spaghetti sauce", 
          "spanish rice": "spanish rice", 
          "sponges": "sponges", 
          "sports drinks": "sports drinks", 
          "sprite": "sprite", 
          "squash": "squash", 
          "steaks": "steaks", 
          "storage bags": "storage bags", 
          "strawberries": "strawberries", 
          "string beans": "string beans", 
          "sugar": "sugar", 
          "sweet potato": "sweet potato", 
          "syrup": "syrup", 
          "tacos": "tacos", 
          "tater tots": "tater tots", 
          "tea": "tea", 
          "thousand island": "thousand island", 
          "tissue": "tissue", 
          "toilet bowl cleaners": "toilet bowl cleaners", 
          "toilet paper": "toilet paper", 
          "tomato": "tomato", 
          "tomato paste": "tomato paste", 
          "tomato sauce": "tomato sauce", 
          "tomato soup": "tomato soup", 
          "tomatoes": "tomatoes", 
          "toothbrush": "toothbrush", 
          "toothpaste": "toothpaste", 
          "tortilla chips": "tortilla chips", 
          "tortillas": "tortillas", 
          "tortillias": "tortillias", 
          "towels": "towels", 
          "trash bag": "trash bag", 
          "tuna": "tuna", 
          "turkey": "turkey", 
          "vanilla extract": "vanilla extract", 
          "veal": "veal", 
          "vegetable beef soup": "vegetable beef soup", 
          "vegetable chicken soup": "vegetable chicken soup", 
          "vegetable oil": "vegetable oil", 
          "vegetable soup": "vegetable soup", 
          "vegetables": "vegetables", 
          "vemicelli pasta": "vemicelli pasta", 
          "vienna sausage": "vienna sausage", 
          "water": "water", 
          "watermelon": "watermelon", 
          "wheat bread": "wheat bread", 
          "white bread": "white bread", 
          "whole chicken": "whole chicken", 
          "wine": "wine", 
          "wings": "wings", 
          "wipes": "wipes", 
          "worcestershire": "worcestershire", 
          "yard bags": "yard bags", 
          "yogurt": "yogurt", 
          "zucchini": "zucchini"
        }
      }
    }, 
    "language_code": "en", 
    "slot_name_mappings": {
      "hass:HassCloseCover": {
        "cover": "hass_cover"
      }, 
      "hass:HassLightSet": {
        "brightness": "snips/percentage", 
        "color": "color", 
        "light": "light"
      }, 
      "hass:HassOpenCover": {
        "cover": "hass_cover"
      }, 
      "hass:HassShoppingListAddItem": {
        "item": "shopping_items"
      }, 
      "hass:HassShoppingListLastItems": {}, 
      "hass:HassTurnOff": {
        "name": "hass_entity"
      }, 
      "hass:HassTurnOn": {
        "name": "hass_entity"
      }
    }
  }, 
  "intent_parsers": [
    "deterministic_intent_parser", 
    "probabilistic_intent_parser"
  ], 
  "model_version": "0.16.0", 
  "training_package_version": "0.16.1", 
  "unit_name": "nlu_engine"
}