{
  "id" : "proj_WKEWzEp3pa9",
  "name" : "Hass-FR",
  "intents" : [ {
    "id" : "hass:HassTurnOn",
    "type" : "registry",
    "version" : "3.0.0",
    "language" : "fr",
    "slots" : [ {
      "name" : "name",
      "id" : "S1ldRhqKf",
      "entityId" : "entity_GyDlN3gY1vP",
      "missingQuestion" : "",
      "required" : false
    } ],
    "name" : "HassTurnOn"
  }, {
    "id" : "hass:HassCloseCover",
    "type" : "registry",
    "version" : "2.0.0",
    "language" : "fr",
    "slots" : [ {
      "name" : "hass_cover",
      "id" : "BJIYyT5YG",
      "entityId" : "entity_7nD4PdDa4A6",
      "missingQuestion" : "",
      "required" : false
    } ],
    "name" : "HassCloseCover"
  }, {
    "id" : "hass:HassShoppingListLastItems",
    "type" : "registry",
    "version" : "1.0.0",
    "language" : "fr",
    "slots" : [ ],
    "name" : "HassShoppingListLastItems"
  }, {
    "id" : "hass:HassShoppingListAddItem",
    "type" : "registry",
    "version" : "3.0.0",
    "language" : "fr",
    "slots" : [ {
      "name" : "item",
      "id" : "S1t21Tqtz",
      "entityId" : "entity_ABDYEgM9yk1",
      "missingQuestion" : "",
      "required" : false
    } ],
    "name" : "HassShoppingListAddItem"
  }, {
    "id" : "hass:HassTurnOff",
    "type" : "registry",
    "version" : "3.0.0",
    "language" : "fr",
    "slots" : [ {
      "name" : "name",
      "id" : "HkPA0n5tz",
      "entityId" : "entity_GyDlN3gY1vP",
      "missingQuestion" : "",
      "required" : false
    } ],
    "name" : "HassTurnOff"
  }, {
    "id" : "hass:HassLightSet",
    "type" : "registry",
    "version" : "4.0.0",
    "language" : "fr",
    "slots" : [ {
      "name" : "light",
      "id" : "rkikxp9YM",
      "entityId" : "entity_K2DVBzQ5Drr",
      "missingQuestion" : "",
      "required" : false
    }, {
      "name" : "color",
      "id" : "SytEl6ctz",
      "entityId" : "entity_Z1QK6bDXVOW",
      "missingQuestion" : "",
      "required" : false
    }, {
      "name" : "brightness",
      "id" : "HJgOx69Kf",
      "entityId" : "snips/percentage",
      "missingQuestion" : "",
      "required" : false
    } ],
    "name" : "HassLightSet"
  }, {
    "id" : "hass:HassOpenCover",
    "type" : "registry",
    "version" : "3.0.0",
    "language" : "fr",
    "slots" : [ {
      "name" : "cover",
      "id" : "rJ3zJ69tM",
      "entityId" : "entity_7nD4PdDa4A6",
      "missingQuestion" : "",
      "required" : false
    } ],
    "name" : "HassOpenCover"
  } ],
  "createdAt" : "2018-03-17T15:38:16.115Z",
  "language" : "fr",
  "version" : {
    "nluModel" : "0.17.0"
  },
  "platform" : {
    "type" : "raspberrypi"
  },
  "asr" : {
    "type" : "snips"
  },
  "analyticsEnabled" : true,
  "heartbeatEnabled" : true,
  "hotword" : "hey_snips"
}